7,1,0.14285714285714285,48.2155,8.9784,Albstadt-Badkap,Baden-Württemberg,S,759.0,19861101,20150422
6,1,0.16666666666666666,47.8516,8.7673,Engen/Hegau,Baden-Württemberg,S,540.0,19860801,20080923
6,1,0.16666666666666666,53.7331,9.8776,Quickborn,Schleswig-Holstein,N,13.0,19741201,20150422
6,1,0.16666666666666666,52.2744,10.5656,Braunschweig-Gliesmarode,Niedersachsen,N,83.0,19480101,19601231
6,1,0.16666666666666666,49.5811,7.6234,Wolfstein/Pfalz,Rheinland-Pfalz,W,200.0,19810901,19981231
6,1,0.16666666666666666,50.1213,8.6601,Frankfurt/Main (Feldbergstr.),Hessen,W,109.0,18700101,19611130
5,1,0.2,52.103,9.5845,Voldagsen,Niedersachsen,N,100.0,19470101,19571231
5,1,0.2,47.9091,11.1048,Raisting,Bayern,S,553.0,19861101,19990131
10,2,0.2,49.8847,10.8884,Bamberg (Sternwarte),Bayern,S,282.0,18790101,19581231
5,1,0.2,48.1635,11.5019,München-Botanischer Garten,Bayern,S,515.0,18790101,19541231
5,1,0.2,51.0976,7.667,Meinerzhagen (A),Nordrhein-Westfalen,W,506.0,19790801,19951231
9,2,0.2222222222222222,47.6358,9.5392,Eriskirch-Mariabrunn,Baden-Württemberg,S,408.0,19800801,20021231
4,1,0.25,53.1007,11.0455,Dannenberg,Niedersachsen,N,50.0,19460101,19541130
4,1,0.25,50.8994,14.7456,Bertsdorf-Hörnitz,Sachsen,O,270.0,19470101,20150422
4,1,0.25,49.5692,10.9929,Erlangen-Bruck,Bayern,S,280.0,19470401,19531231
4,1,0.25,49.4192,8.6051,Heidelberg-Grenzhof,Baden-Württemberg,S,110.0,19490101,19581231
8,2,0.25,49.025,8.6991,Bretten,Baden-Württemberg,S,181.0,19831101,20031231
4,1,0.25,47.9116,10.6124,Leinau,Bayern,S,663.0,19550101,19700531
4,1,0.25,48.0449,9.8822,Ochsenhausen-Mittelbuch,Baden-Württemberg,S,626.0,19880601,19971231
8,2,0.25,51.4789,7.2697,Bochum,Nordrhein-Westfalen,W,101.0,19400101,20150422
4,1,0.25,51.0167,14.75,Herrnhut,Sachsen,O,344.0,19510101,19901231
12,3,0.25,49.3478,8.1822,Neustadt/Weinstraße (Heidehof),Rheinland-Pfalz,W,125.0,19760101,20021031
4,1,0.25,49.4672,7.2036,Sankt Wendel-Hof,Saarland,W,400.0,19510101,19601231
8,2,0.25,52.4564,13.2997,Berlin-Dahlem (LFAG),Berlin,O,55.0,18760101,19621231
4,1,0.25,53.3449,7.1909,Emden-Nesserland,Niedersachsen,N,5.0,19470101,19970630
11,3,0.2727272727272727,49.422,6.8396,Schmelz-Hüttersdorf,Saarland,W,223.0,19660101,20021231
11,3,0.2727272727272727,52.9413,10.5287,Uelzen,Niedersachsen,N,50.0,19510101,20150422
11,3,0.2727272727272727,51.8293,6.5365,Bocholt-Liedern (Wasserwerk),Nordrhein-Westfalen,W,23.0,19470101,20060228
18,5,0.2777777777777778,48.166,11.5011,München-Nymphenburg,Bayern,S,515.0,19550101,19990331
7,2,0.2857142857142857,50.2285,9.1064,Mittel-Gründau,Hessen,W,155.0,19740501,19930331
7,2,0.2857142857142857,47.6288,7.5959,Eimeldingen,Baden-Württemberg,S,264.0,19760201,19990930
10,3,0.3,49.4738,7.0386,Tholey,Saarland,W,386.0,19750601,20150422
13,4,0.3076923076923077,49.2231,7.0168,Saarbrücken-Sankt Johann,Saarland,W,193.0,19480101,20010331
6,2,0.3333333333333333,52.4136,12.5503,Brandenburg-Görden,Brandenburg,O,35.0,19480701,20010430
3,1,0.3333333333333333,51.7954,12.9583,Jessen/Elster,Sachsen-Anhalt,O,77.0,19910101,20010831
21,7,0.3333333333333333,49.1307,8.9165,Eppingen,Baden-Württemberg,S,210.0,19470701,20021130
3,1,0.3333333333333333,48.1477,8.6954,Wellendingen,Baden-Württemberg,S,655.0,19781201,19840731
3,1,0.3333333333333333,50.2663,9.1878,Gründau-Breitenborn,Hessen,W,258.0,19950301,20150422
9,3,0.3333333333333333,49.2447,8.5373,Waghäusel-Kirrlach,Baden-Württemberg,S,105.0,19851001,20150422
3,1,0.3333333333333333,48.6707,9.4625,Notzingen,Baden-Württemberg,S,325.0,20040701,20150422
9,3,0.3333333333333333,51.9267,13.8797,Lübben-Blumenfelde,Brandenburg,O,57.0,19911001,20150422
9,3,0.3333333333333333,51.6884,11.0394,Friedrichsbrunn,Sachsen-Anhalt,O,523.0,19470101,19721231
12,4,0.3333333333333333,47.7819,7.7348,Malsburg-Marzell-Friedrichsheim,Baden-Württemberg,S,852.0,19580101,20031231
3,1,0.3333333333333333,54.3406,12.7108,Barth,Mecklenburg-Vorpommern,O,3.0,19470101,20150422
3,1,0.3333333333333333,54.3195,10.6733,Hohwacht,Schleswig-Holstein,N,8.0,19771101,20150422
9,3,0.3333333333333333,49.7328,8.7771,Modautal-Neunkirchen,Hessen,W,508.0,19360901,19720331
3,1,0.3333333333333333,51.1509,11.3319,Olbersleben,Thüringen,O,160.0,20050901,20150422
6,2,0.3333333333333333,48.0083,8.8179,Tuttlingen,Baden-Württemberg,S,649.0,19910201,20031231
15,5,0.3333333333333333,49.6303,7.1148,Brücken,Rheinland-Pfalz,W,390.0,19470101,19991231
3,1,0.3333333333333333,50.4135,7.5886,Bendorf,Rheinland-Pfalz,W,127.0,19900101,20110901
9,3,0.3333333333333333,48.3416,12.882,Eiberg,Bayern,S,470.0,19450101,19660930
9,3,0.3333333333333333,47.9624,7.998,Buchenbach,Baden-Württemberg,S,445.0,19901001,20150422
6,2,0.3333333333333333,50.5652,7.4839,Hümmerich,Rheinland-Pfalz,W,328.0,19821001,20150422
3,1,0.3333333333333333,49.3311,11.4303,Berg/Oberpfalz,Bayern,S,421.0,19911001,20020930
12,4,0.3333333333333333,54.3378,10.0929,Kiel-Kronshagen,Schleswig-Holstein,N,17.0,19400101,19880930
6,2,0.3333333333333333,52.2817,9.0889,Bückeburg,Niedersachsen,N,68.0,19790101,20150422
6,2,0.3333333333333333,48.6759,8.9732,Böblingen,Baden-Württemberg,S,445.0,19870801,20031231
3,1,0.3333333333333333,48.3667,11.8,Schwaigermoos,Bayern,S,444.0,19700401,19790531
6,2,0.3333333333333333,51.0454,8.3851,"Berleburg, Bad",Nordrhein-Westfalen,W,445.0,19730701,19861130
12,4,0.3333333333333333,50.4107,7.808,Niederelbert,Rheinland-Pfalz,W,250.0,19660501,20030630
3,1,0.3333333333333333,51.3512,11.0958,"Frankenhausen/Kyffhäuser, Bad",Thüringen,O,130.0,19910101,19970331
9,3,0.3333333333333333,49.9195,8.9671,Schaafheim-Schlierbach,Hessen,W,155.0,19791201,20150422
3,1,0.3333333333333333,50.9744,11.308,Weimar,Thüringen,O,264.0,19510101,20070630
3,1,0.3333333333333333,48.5515,11.7117,Au i.d.Hallertau-Günzenhausen,Bayern,S,483.0,19850801,19900531
17,6,0.35294117647058826,50.9884,7.425,Engelskirchen,Nordrhein-Westfalen,W,144.0,19510101,19960930
14,5,0.35714285714285715,48.4832,12.724,"Falkenberg,Kr.Rottal-Inn",Bayern,S,472.0,19660701,20150422
14,5,0.35714285714285715,51.1398,7.0934,Solingen-Hohenscheid,Nordrhein-Westfalen,W,154.0,19360101,20021231
14,5,0.35714285714285715,50.8492,8.7746,"Cölbe, Kr. Marburg-Biedenkopf",Hessen,W,182.0,19460101,20150422
11,4,0.36363636363636365,48.0908,7.6353,Vogtsburg-Oberrotweil,Baden-Württemberg,S,223.0,19360101,20031231
11,4,0.36363636363636365,48.3147,8.5735,Oberndorf/Neckar-Aistaig,Baden-Württemberg,S,480.0,19820701,20041231
11,4,0.36363636363636365,49.3283,7.3561,Homburg/Saar,Saarland,W,235.0,19700101,20021231
11,4,0.36363636363636365,51.9494,7.5906,Münster,Nordrhein-Westfalen,W,62.0,18910101,19911231
11,4,0.36363636363636365,49.7117,8.7804,Lindenfels-Winterkasten,Hessen,W,445.0,19730401,20051231
8,3,0.375,51.1197,13.6744,Wahnsdorf bei Dresden,Sachsen,O,246.0,19170101,19740630
8,3,0.375,48.4704,8.9687,Rottenburg-Kiebingen,Baden-Württemberg,S,360.0,19790701,20021031
24,9,0.375,47.4778,11.2654,Mittenwald-Buckelwiesen,Bayern,S,981.0,19460101,20150422
16,6,0.375,48.0916,10.8609,Kaufering,Bayern,S,585.0,19680101,20081231
16,6,0.375,52.9604,9.7931,Soltau,Niedersachsen,N,76.0,19470721,20150422
8,3,0.375,49.4158,10.6734,Dietenhofen,Bayern,S,405.0,19850401,19990630
8,3,0.375,50.5799,8.4682,Aßlar Klein-Altenstädten,Hessen,W,200.0,19810901,19991231
8,3,0.375,50.3324,7.6975,"Ems, Bad",Rheinland-Pfalz,W,90.0,19470101,19970331
13,5,0.38461538461538464,49.6051,8.3659,Worms,Rheinland-Pfalz,W,88.0,19360101,20150422
13,5,0.38461538461538464,48.2719,13.0273,Simbach/Inn,Bayern,S,360.0,19810101,20150422
13,5,0.38461538461538464,47.678,8.3799,Wutöschingen-Ofteringen,Baden-Württemberg,S,398.0,19610101,20150422
18,7,0.3888888888888889,51.128,13.7543,Dresden-Klotzsche,Sachsen,O,227.0,19600101,20150422
18,7,0.3888888888888889,49.9622,10.0482,"Mühlhausen, Kr. Schweinfurt",Bayern,S,216.0,19490101,19860331
18,7,0.3888888888888889,51.404,6.9676,Essen-Bredeney,Nordrhein-Westfalen,W,150.0,19350101,20150422
23,9,0.391304347826087,49.7272,8.116,Alzey,Rheinland-Pfalz,W,215.0,19510101,20150422
23,9,0.391304347826087,50.7313,8.2622,Dillenburg,Hessen,W,314.0,19470801,20150422
5,2,0.4,51.2165,11.971,Weißenfels,Sachsen-Anhalt,O,115.0,19910101,20051231
10,4,0.4,47.636,10.3891,Oy-Mittelberg-Petersthal,Bayern,S,885.0,19931001,20150422
15,6,0.4,53.797,9.4295,Glückstadt,Schleswig-Holstein,N,1.0,19480101,20061231
5,2,0.4,53.5468,13.1914,Neubrandenburg,Mecklenburg-Vorpommern,O,81.0,19760701,20050228
5,2,0.4,49.3981,8.7251,Königstuhl,Baden-Württemberg,S,561.0,19360101,19601231
5,2,0.4,49.8589,9.2861,Eschau-Hobbach,Bayern,S,198.0,19911201,20060831
15,6,0.4,49.7479,6.6582,Trier-Petrisberg,Rheinland-Pfalz,W,265.0,19480101,20150422
5,2,0.4,51.1329,11.7252,"Kösen, Bad",Sachsen-Anhalt,O,136.0,19470101,20070331
5,2,0.4,53.5876,8.6015,Bremerhaven-Speckenbüttel,Bremen,N,8.0,19480101,19611231
10,4,0.4,47.8858,7.6611,Eschbach,Baden-Württemberg,S,234.0,19710501,20041231
10,4,0.4,51.2662,8.8309,Korbach-Lengefeld,Hessen,W,395.0,19890601,20051231
5,2,0.4,47.976,8.9101,Neuhausen ob Eck,Baden-Württemberg,S,793.0,19811001,19931130
10,4,0.4,49.8697,8.6796,Darmstadt-Botanischer Garten,Hessen,W,169.0,19370203,19740731
5,2,0.4,47.9522,8.9934,Neuhausen ob Eck-Unterschwandorf,Baden-Württemberg,S,663.0,19931201,20031231
5,2,0.4,50.2882,9.4583,Steinau-Seidenroth,Hessen,W,342.0,19890701,20040229
10,4,0.4,51.4348,12.2396,Leipzig/Halle,Sachsen,O,131.0,19720501,20150422
10,4,0.4,49.6789,8.6276,Bensheim,Hessen,W,140.0,19470101,19891031
5,2,0.4,54.3761,10.1433,Kiel-Holtenau,Schleswig-Holstein,N,27.0,19860601,20150422
5,2,0.4,48.6743,8.1799,Bühlertal-Obertal,Baden-Württemberg,S,478.0,19860501,20041231
5,2,0.4,49.3158,10.5815,Ansbach-Hennenbach,Bayern,S,418.0,19470501,19571031
5,2,0.4,48.2012,8.1089,Elzach-Fisnacht,Baden-Württemberg,S,440.0,19871101,20150422
5,2,0.4,50.1269,8.6694,Frankfurt/Main-Westend,Hessen,W,124.0,19851101,20150422
10,4,0.4,54.3643,13.477,Putbus,Mecklenburg-Vorpommern,O,40.0,19470101,20150422
5,2,0.4,52.6691,7.9544,Quakenbrück,Niedersachsen,N,25.0,19400101,19571231
22,9,0.4090909090909091,49.8502,7.871,"Kreuznach, Bad",Rheinland-Pfalz,W,102.0,19470101,20150422
17,7,0.4117647058823529,50.3574,8.7506,"Nauheim, Bad",Hessen,W,149.0,19470101,20150422
17,7,0.4117647058823529,50.3369,7.5992,Koblenz-Horchheim,Rheinland-Pfalz,W,85.0,19510101,20080131
17,7,0.4117647058823529,48.1002,11.9872,Ebersberg-Halbing,Bayern,S,592.0,19780101,20150422
17,7,0.4117647058823529,50.3249,7.23,Mayen,Rheinland-Pfalz,W,230.0,19610101,20021231
17,7,0.4117647058823529,51.8892,12.6445,Wittenberg,Sachsen-Anhalt,O,105.0,19470101,20150422
24,10,0.4166666666666667,49.7656,11.3061,Gößweinstein,Bayern,S,443.0,19360101,20040630
24,10,0.4166666666666667,50.0355,7.3048,Blankenrath,Rheinland-Pfalz,W,417.0,19470101,20150422
12,5,0.4166666666666667,49.357,8.1405,Neustadt/Weinstraße,Rheinland-Pfalz,W,163.0,19510101,19821231
12,5,0.4166666666666667,47.8413,8.8493,Aach,Baden-Württemberg,S,478.0,19370101,19860630
12,5,0.4166666666666667,48.1378,7.8351,Emmendingen-Mundingen,Baden-Württemberg,S,201.0,19751101,20150422
19,8,0.42105263157894735,50.6017,8.6439,Gießen/Wettenberg,Hessen,W,203.0,19390101,20150422
26,11,0.4230769230769231,48.1054,8.7549,Klippeneck,Baden-Württemberg,S,973.0,19470101,20150422
14,6,0.42857142857142855,52.7216,7.7463,Löningen,Niedersachsen,N,22.0,19460101,20150422
7,3,0.42857142857142855,48.6321,9.3261,Nürtingen,Baden-Württemberg,S,280.0,19550101,19910331
7,3,0.42857142857142855,49.7961,7.7583,Schlossböckelheim,Rheinland-Pfalz,W,170.0,19540101,19731231
14,6,0.42857142857142855,47.8516,12.6182,Traunstein-Axdorf,Bayern,S,635.0,19711001,20040630
7,3,0.42857142857142855,52.3961,10.6898,Wolfsburg (Südwest),Niedersachsen,N,82.0,19810401,20150422
7,3,0.42857142857142855,48.5807,13.4152,Passau-Maierhof,Bayern,S,327.0,19360101,19571231
14,6,0.42857142857142855,49.7667,9.5428,Wertheim-Eichel,Baden-Württemberg,S,140.0,19470710,20041130
7,3,0.42857142857142855,48.7201,9.5328,Ebersbach/Fils,Baden-Württemberg,S,300.0,19871101,20021231
7,3,0.42857142857142855,47.5776,9.7404,Sigmarszell-Zeisertsweiler,Bayern,S,507.0,19880501,20150422
14,6,0.42857142857142855,47.8823,11.6962,Holzkirchen,Bayern,S,685.0,19821201,20150422
7,3,0.42857142857142855,48.7654,12.5121,Leiblfing,Bayern,S,365.0,19780901,19970630
21,9,0.42857142857142855,48.9059,8.7412,Pforzheim-Eutingen,Baden-Württemberg,S,246.0,19370101,20050831
14,6,0.42857142857142855,49.9672,8.2108,Mainz-Lerchenberg (ZDF),Rheinland-Pfalz,W,195.0,19480101,20150422
7,3,0.42857142857142855,47.8827,11.1576,Wielenbach (Demollstr.),Bayern,S,550.0,19990201,20150422
7,3,0.42857142857142855,50.1321,8.3169,Wiesbaden-Auringen,Hessen,W,263.0,19870601,20150422
28,12,0.42857142857142855,49.7672,7.3356,Niederwörresbach,Rheinland-Pfalz,W,302.0,19480101,20120401
7,3,0.42857142857142855,49.7858,11.8211,Speinshart,Bayern,S,424.0,19520101,19651231
7,3,0.42857142857142855,50.2027,9.1989,Gelnhausen,Hessen,W,190.0,19350101,19740430
7,3,0.42857142857142855,54.5166,9.142,Schwesing,Schleswig-Holstein,N,37.0,19740701,19991130
23,10,0.43478260869565216,47.9699,9.6672,Aulendorf-Spiegler,Baden-Württemberg,S,560.0,19510101,20041231
23,10,0.43478260869565216,47.8752,12.1279,Rosenheim,Bayern,S,444.0,19500101,20150422
23,10,0.43478260869565216,49.9859,7.9549,Geisenheim,Hessen,W,110.0,19350101,20150422
23,10,0.43478260869565216,48.9729,9.5708,Murrhardt,Baden-Württemberg,S,344.0,19510101,20040531
16,7,0.4375,48.5779,13.4694,Passau-Oberhaus,Bayern,S,409.0,19480101,19970103
16,7,0.4375,48.2443,11.5528,Oberschleißheim,Bayern,S,484.0,19760401,20060531
16,7,0.4375,52.2085,14.118,Lindenberg,Brandenburg,O,98.0,19060401,20150422
9,4,0.4444444444444444,48.1994,9.77,Schemmerhofen-Ingerkingen,Baden-Württemberg,S,519.0,19870101,20041231
9,4,0.4444444444444444,53.6623,10.199,Ahrensburg-Wulfsdorf,Schleswig-Holstein,N,46.0,19730101,20011231
9,4,0.4444444444444444,50.3444,9.5539,Schlüchtern-Herolz,Hessen,W,230.0,19851001,20150422
27,12,0.4444444444444444,49.8742,10.9206,Bamberg,Bayern,S,240.0,19490101,20150422
27,12,0.4444444444444444,49.509,8.5541,Mannheim,Baden-Württemberg,S,96.0,19360101,20150422
9,4,0.4444444444444444,52.2042,7.1784,Ochtrup,Nordrhein-Westfalen,W,56.0,19640101,19930331
9,4,0.4444444444444444,48.0197,12.2924,Amerang-Pfaffing,Bayern,S,515.0,19940101,20150422
18,8,0.4444444444444444,52.8499,10.2898,Unterlüß,Niedersachsen,N,95.0,19480201,20061231
9,4,0.4444444444444444,48.4593,7.9255,Offenburg,Baden-Württemberg,S,153.0,19580101,20031231
9,4,0.4444444444444444,51.4943,6.2463,Geldern-Walbeck,Nordrhein-Westfalen,W,37.0,19631001,20150422
9,4,0.4444444444444444,48.0674,7.677,Liliental,Baden-Württemberg,S,284.0,19650101,19900531
20,9,0.45,52.2164,11.0219,Helmstedt,Niedersachsen,N,140.0,19470301,20061231
20,9,0.45,50.7119,6.791,Weilerswist-Lommersum,Nordrhein-Westfalen,W,146.0,19370101,20150422
20,9,0.45,47.9558,7.7134,Schallstadt-Mengen,Baden-Württemberg,S,212.0,19470101,20041231
11,5,0.45454545454545453,48.8459,8.9079,Weissach,Baden-Württemberg,S,455.0,19810101,20031231
11,5,0.45454545454545453,49.5008,11.107,Nürnberg-Buchenbuehl,Bayern,S,335.0,19360101,19741231
11,5,0.45454545454545453,49.5114,6.3857,Perl-Besch,Saarland,W,175.0,19510101,20040930
11,5,0.45454545454545453,47.6774,9.1901,Konstanz,Baden-Württemberg,S,443.0,19721101,20150422
11,5,0.45454545454545453,51.4129,7.4895,Hagen-Fley,Nordrhein-Westfalen,W,100.0,19780601,20071231
22,10,0.45454545454545453,48.6765,11.2961,Karlshuld,Bayern,S,374.0,19500101,19940331
11,5,0.45454545454545453,49.6467,7.8835,Ruppertsecken,Rheinland-Pfalz,W,461.0,19690101,20150422
22,10,0.45454545454545453,47.9344,9.2869,Pfullendorf,Baden-Württemberg,S,630.0,19580101,20150422
11,5,0.45454545454545453,47.5627,7.7936,Rheinfelden,Baden-Württemberg,S,287.0,19530901,20141231
13,6,0.46153846153846156,49.9186,7.0664,Bernkastel-Kues,Rheinland-Pfalz,W,120.0,19450101,20121203
13,6,0.46153846153846156,49.0265,8.7554,Knittlingen,Baden-Württemberg,S,200.0,19490101,19831031
13,6,0.46153846153846156,50.0352,7.8197,Lorch/Rhein,Hessen,W,100.0,19510101,19890531
26,12,0.46153846153846156,48.7701,10.7876,Kaisheim-Neuhof,Bayern,S,516.0,19460101,20020930
13,6,0.46153846153846156,50.6266,10.1455,Kaltennordheim,Thüringen,O,487.0,19510101,20030331
13,6,0.46153846153846156,51.2248,7.1053,Wuppertal-Buchenhofen,Nordrhein-Westfalen,W,130.0,19370101,20150422
13,6,0.46153846153846156,47.6172,8.2388,Waldshut,Baden-Württemberg,S,330.0,19530101,19910630
13,6,0.46153846153846156,49.7345,8.9557,Brombachtal-Kirch-Brombach,Hessen,W,290.0,19580101,19861231
26,12,0.46153846153846156,48.2791,12.5024,Mühldorf,Bayern,S,406.0,19530101,20150422
13,6,0.46153846153846156,49.107,7.9967,"Bergzabern, Bad",Rheinland-Pfalz,W,252.0,19470101,20150422
13,6,0.46153846153846156,51.3773,8.0713,Arnsberg,Nordrhein-Westfalen,W,218.0,19470101,19980930
13,6,0.46153846153846156,50.2335,8.8923,Nidderau-Windecken,Hessen,W,180.0,19610101,20050930
13,6,0.46153846153846156,51.3845,9.082,Arolsen-Neu Berich,Hessen,W,232.0,19680101,19971031
13,6,0.46153846153846156,49.3758,8.1213,Weinbiet,Rheinland-Pfalz,W,553.0,19530101,20150422
30,14,0.4666666666666667,47.7035,12.0119,Wendelstein,Bayern,S,1832.0,19510101,20120920
15,7,0.4666666666666667,49.4242,7.736,Kaiserslautern,Rheinland-Pfalz,W,285.0,19010101,20150422
15,7,0.4666666666666667,48.8026,8.9557,Rutesheim,Baden-Württemberg,S,449.0,19520101,19800331
15,7,0.4666666666666667,48.8779,11.2347,Eichstätt-Landershofen,Bayern,S,384.0,19550101,20150422
15,7,0.4666666666666667,50.0946,8.7546,Offenbach/M. (Stadt),Hessen,W,110.0,19571101,19951031
15,7,0.4666666666666667,53.5853,10.1293,Hamburg-Wandsbek,Hamburg,N,18.0,19510101,20061231
15,7,0.4666666666666667,50.4116,8.0605,Limburg/Lahn-Offheim,Hessen,W,185.0,19490101,19990630
17,8,0.47058823529411764,52.7199,10.5987,Hankensbüttel,Niedersachsen,N,108.0,19610101,19941231
17,8,0.47058823529411764,52.6711,9.2229,Nienburg,Niedersachsen,N,25.0,19470101,20150422
19,9,0.47368421052631576,52.4124,7.064,Nordhorn-Blanke,Niedersachsen,N,24.0,19360101,20061231
19,9,0.47368421052631576,48.9293,13.4641,Waldhäuser (National Park),Bayern,S,940.0,19711201,20031231
19,9,0.47368421052631576,51.2963,9.4424,Kassel,Hessen,W,231.0,19510101,20131031
19,9,0.47368421052631576,53.4213,10.1462,Hamburg-Kirchwerder,Hamburg,N,2.0,19510101,20061231
19,9,0.47368421052631576,50.9281,6.5646,Elsdorf/Erftkreis,Nordrhein-Westfalen,W,85.0,19470701,20001231
21,10,0.47619047619047616,48.6159,13.0506,Aldersbach-Kriestorf,Bayern,S,340.0,19590301,20150422
21,10,0.47619047619047616,49.1448,9.2333,Heilbronn,Baden-Württemberg,S,167.0,19470701,20031031
21,10,0.47619047619047616,49.2128,7.1077,Saarbrücken-Ensheim,Saarland,W,320.0,19510101,20150422
21,10,0.47619047619047616,50.3519,10.0032,Sandberg,Bayern,S,510.0,19650101,20150422
21,10,0.47619047619047616,48.1369,11.7094,München-Riem,Bayern,S,529.0,19400101,19920516
21,10,0.47619047619047616,50.2218,8.4469,Kleiner Feldberg/Taunus,Hessen,W,826.0,19360101,20150422
23,11,0.4782608695652174,50.3067,10.968,Lautertal-Oberlauter,Bayern,S,345.0,19470101,20150422
25,12,0.48,49.4719,8.1929,"Dürkheim, Bad",Rheinland-Pfalz,W,107.0,19520101,20150422
25,12,0.48,47.8009,11.0109,Hohenpeißenberg,Bayern,S,977.0,17810101,20150422
25,12,0.48,49.9996,7.5981,Simmern-Wahlbach,Rheinland-Pfalz,W,445.0,19480101,20150422
37,18,0.4864864864864865,47.3986,10.276,Oberstdorf,Bayern,S,806.0,19360101,20150422
8,4,0.5,51.6334,8.3943,Lippstadt-Bökenförde,Nordrhein-Westfalen,W,92.0,19801201,20150422
2,1,0.5,48.0131,11.5525,Oberhaching-Laufzorn,Bayern,S,604.0,20071101,20150422
4,2,0.5,49.885,9.8463,Thüngersheim,Bayern,S,195.0,19860501,20031231
4,2,0.5,52.2044,8.3382,Melle,Niedersachsen,N,89.0,19860701,20011231
16,8,0.5,50.591,8.6551,Gießen (Lahntal),Hessen,W,158.0,19490101,19840430
4,2,0.5,53.3881,7.2287,Emden,Niedersachsen,N,-0.0,19970701,20150422
2,1,0.5,50.4313,12.6114,Carlsfeld,Sachsen,O,897.0,19950301,20150422
4,2,0.5,53.3517,8.4969,Brake,Niedersachsen,N,1.0,19660101,19931031
10,5,0.5,50.5624,8.2391,Löhnberg-Obershausen,Hessen,W,230.0,19930701,20150422
12,6,0.5,52.9335,8.237,Großenkneten,Niedersachsen,N,44.0,19710301,20150422
8,4,0.5,47.941,11.9,Feldkirchen-Westerham-Lenzmühle,Bayern,S,517.0,19590101,19811231
6,3,0.5,53.1424,13.0319,Neuglobsow (HM),Brandenburg,O,62.0,19670101,20040930
2,1,0.5,53.6342,9.6038,Haseldorf,Schleswig-Holstein,N,3.0,19510101,19591231
2,1,0.5,51.024,13.7737,Dresden-Strehlen,Sachsen,O,119.0,19670101,20150422
6,3,0.5,51.9173,13.0878,Langenlipsdorf,Brandenburg,O,91.0,19930601,20150422
6,3,0.5,53.5512,9.6082,Mittelnkirchen-Hohenfelde,Niedersachsen,N,1.0,19901101,20150422
2,1,0.5,48.8443,12.6171,Aiterhofen,Bayern,S,339.0,19750701,19780831
6,3,0.5,52.2708,10.5334,Braunschweig (T.H.),Niedersachsen,N,75.0,18910101,19531231
2,1,0.5,52.0654,14.6898,Wellmitz,Brandenburg,O,58.0,19941201,20000131
4,2,0.5,50.5679,11.8041,Schleiz,Thüringen,O,501.0,19890801,20150422
2,1,0.5,52.3613,12.3867,Wusterwitz,Brandenburg,O,36.0,20040501,20150422
2,1,0.5,54.8273,9.5057,Glücksburg-Meierwik,Schleswig-Holstein,N,27.0,19930301,20150422
2,1,0.5,52.0305,10.9625,Pabstorf,Sachsen-Anhalt,O,112.0,20040901,20150422
18,9,0.5,49.4258,11.2538,Nürnberg-Netzstall,Bayern,S,368.0,19750101,20150422
26,13,0.5,48.4537,8.4091,Freudenstadt,Baden-Württemberg,S,797.0,19490101,20150422
4,2,0.5,52.4411,10.7587,Wolfsburg,Niedersachsen,N,56.0,19610101,19810331
2,1,0.5,48.7021,11.8494,Elsendorf-Horneck,Bayern,S,425.0,20050201,20150422
10,5,0.5,51.296,6.7686,Düsseldorf,Nordrhein-Westfalen,W,37.0,19690701,20150422
14,7,0.5,51.1998,6.7574,Düsseldorf-Südfriedhof,Nordrhein-Westfalen,W,37.0,19350101,19960731
18,9,0.5,49.4206,8.6676,Heidelberg,Baden-Württemberg,S,110.0,19350101,20120911
10,5,0.5,53.9223,10.2268,Wittenborn,Schleswig-Holstein,N,35.0,19810401,20150422
4,2,0.5,49.8808,10.8695,Bamberg-Altenburg,Bayern,S,382.0,19480101,19591231
6,3,0.5,50.5999,11.9966,Pausa-Unterreichenau,Sachsen,O,442.0,19910101,19980131
2,1,0.5,51.394,6.7026,Duisburg-Friemersheim,Nordrhein-Westfalen,W,31.0,19940501,20070531
8,4,0.5,49.6691,9.0085,Michelstadt,Hessen,W,240.0,19870101,20150422
6,3,0.5,48.8279,9.3228,Waiblingen,Baden-Württemberg,S,224.0,19780101,19911231
12,6,0.5,53.8773,10.6915,Lübeck,Schleswig-Holstein,N,15.0,19500301,19850228
2,1,0.5,50.7252,10.454,"Schmalkalden, Kurort",Thüringen,O,296.0,20050201,20150422
20,10,0.5,49.2931,9.2722,Neudenau,Baden-Württemberg,S,212.0,19490101,20041231
2,1,0.5,53.2279,9.6527,Königsmoor,Niedersachsen,N,40.0,19500101,19601231
4,2,0.5,52.3198,9.4299,Barsinghausen-Hohenbostel,Niedersachsen,N,110.0,19920201,20150422
26,13,0.5,51.1834,10.0638,Eschwege,Hessen,W,170.0,19470901,20150422
2,1,0.5,51.189,8.4671,Altastenberg,Nordrhein-Westfalen,W,780.0,19470101,19541231
2,1,0.5,54.5266,9.0425,Hattstedt,Schleswig-Holstein,N,5.0,20050701,20150422
12,6,0.5,51.7694,7.4128,Lüdinghausen,Nordrhein-Westfalen,W,58.0,19500101,19950930
10,5,0.5,49.5356,6.3804,Perl-Nennig,Saarland,W,152.0,19650101,20150422
6,3,0.5,53.5312,9.1664,Bremervörde-Niederochtenhausen,Niedersachsen,N,5.0,19850601,20061231
2,1,0.5,49.7595,12.3891,Silberhütte,Bayern,S,819.0,19470101,19531210
2,1,0.5,48.3132,9.2472,Trochtelfingen,Baden-Württemberg,S,700.0,19470101,19730228
20,10,0.5,49.7703,9.9577,Würzburg,Bayern,S,268.0,19470101,20150422
2,1,0.5,51.2065,10.4948,Mühlhausen/Thüringen-Görmar,Thüringen,O,190.0,20041201,20150422
8,4,0.5,54.7903,8.9514,Leck,Schleswig-Holstein,N,7.0,19741101,20150422
14,7,0.5,50.2988,6.4165,Schneifelforsthaus,Rheinland-Pfalz,W,649.0,19530101,20150422
2,1,0.5,53.102,13.0421,Menz,Brandenburg,O,77.0,20041001,20150422
2,1,0.5,53.8542,13.4949,Medow-Wussentin,Mecklenburg-Vorpommern,O,11.0,19980901,20040831
8,4,0.5,54.5284,11.0605,Fehmarn,Schleswig-Holstein,N,3.0,19480101,20150422
2,1,0.5,54.0934,10.2223,Ruhwinkel,Schleswig-Holstein,N,36.0,19880601,19920930
8,4,0.5,53.6234,8.8323,Bederkesa,Niedersachsen,N,27.0,19620901,19961031
18,9,0.5,50.7316,9.0032,Homberg/Ohm,Hessen,W,250.0,19510101,20000630
16,8,0.5,51.3151,12.4462,Leipzig-Holzhausen,Sachsen,O,138.0,19510101,20150422
14,7,0.5,48.8282,9.2,Stuttgart (Schnarrenberg),Baden-Württemberg,S,314.0,19580101,20150422
14,7,0.5,49.2511,8.4415,Philippsburg,Baden-Württemberg,S,100.0,19480101,19850930
6,3,0.5,51.0594,14.4262,Sohland/Spree,Sachsen,O,290.0,19990501,20150422
30,15,0.5,49.5617,8.9679,Beerfelden,Hessen,W,450.0,19370101,20150422
2,1,0.5,51.088,12.9328,Geringswalde-Altgeringswalde,Sachsen,O,296.0,20041101,20150422
14,7,0.5,51.334,9.4506,Kassel-Harleshausen,Hessen,W,198.0,19460701,19770630
4,2,0.5,50.308,9.7835,"Brückenau, Bad (A)",Bayern,S,310.0,19690501,19840831
8,4,0.5,50.8956,7.3081,Neunkirchen-Seelscheid-Meisenbach,Nordrhein-Westfalen,W,185.0,19620801,19920229
8,4,0.5,50.0863,8.1872,Wiesbaden-Dotzheim,Hessen,W,235.0,19600101,19860731
2,1,0.5,50.6199,13.4816,Deutschneudorf-Brüderwiese,Sachsen,O,688.0,20060401,20150422
4,2,0.5,48.5576,7.88,Kehl-Odelshofen,Baden-Württemberg,S,141.0,19881001,20031231
2,1,0.5,52.1207,12.4585,Wiesenburg,Brandenburg,O,187.0,19860601,20150422
20,10,0.5,48.7726,12.2177,Mallersdorf-Pfaffenberg/Niederbayern,Bayern,S,418.0,19530101,20150422
22,11,0.5,48.5396,9.5275,Lenningen-Schopfloch,Baden-Württemberg,S,758.0,19470801,20020131
6,3,0.5,50.5602,13.2222,Marienberg-Reitzenhain,Sachsen,O,764.0,19470101,19621231
14,7,0.5,54.219,10.8844,Lensahn,Schleswig-Holstein,N,14.0,19620401,20061231
2,1,0.5,49.1087,12.8231,Prackenbach-Neuhäusl,Bayern,S,588.0,20060801,20150422
16,8,0.5,51.0048,10.1705,Herleshausen,Hessen,W,215.0,19470101,19910831
14,7,0.5,49.7619,7.0541,Deuselbach,Rheinland-Pfalz,W,481.0,19500801,20150422
20,10,0.5,47.6463,7.8435,Schopfheim-Eichen,Baden-Württemberg,S,400.0,19530101,20021031
2,1,0.5,50.0832,6.8904,Dierfeld,Rheinland-Pfalz,W,413.0,19520101,19621231
6,3,0.5,48.5051,9.1833,Reutlingen-Betzingen,Baden-Württemberg,S,360.0,19880501,20021231
6,3,0.5,50.573,13.0053,Annaberg-Buchholz,Sachsen,O,630.0,19470101,19661231
16,8,0.5,48.6703,7.9939,Rheinau-Memprechtshofen,Baden-Württemberg,S,131.0,19580101,20150422
6,3,0.5,52.0192,14.7254,Coschen,Brandenburg,O,40.0,20000201,20150422
20,10,0.5,53.4793,10.2415,Hamburg-Bergedorf,Hamburg,N,35.0,19120101,19620930
6,3,0.5,52.8568,11.143,Salzwedel,Sachsen-Anhalt,O,23.0,19470101,19661231
8,4,0.5,54.8086,9.4182,Flensburg,Schleswig-Holstein,N,45.0,19850701,20061231
6,3,0.5,48.1631,11.5429,München-Stadt,Bayern,S,515.0,19540601,20150422
6,3,0.5,54.8147,9.458,Flensburg-Mürwik,Schleswig-Holstein,N,19.0,19410101,19561231
18,9,0.5,53.4777,9.8957,Hamburg-Neuwiedenthal,Hamburg,N,3.0,19620501,20150422
10,5,0.5,48.5126,12.1513,Kumhausen,Bayern,S,436.0,19660901,19920831
2,1,0.5,54.6289,9.9294,Arnis,Schleswig-Holstein,N,3.0,19460101,19571231
6,3,0.5,50.9383,14.2093,Lichtenhain-Mittelndorf,Sachsen,O,321.0,19940601,20150422
2,1,0.5,53.4699,10.1804,Hamburg-Reitbrook,Hamburg,N,1.0,19780601,19880430
2,1,0.5,51.752,9.3953,Boffzen,Niedersachsen,N,105.0,19920501,19960731
4,2,0.5,49.5592,7.4134,Kusel-Fünfbirken,Rheinland-Pfalz,W,296.0,19700101,19810831
8,4,0.5,49.7317,12.3491,Flossenbürg,Bayern,S,622.0,19871001,20061231
14,7,0.5,54.0028,11.1908,Boltenhagen,Mecklenburg-Vorpommern,O,15.0,19470101,20150422
10,5,0.5,49.5025,7.202,Sankt Wendel-Urweiler,Saarland,W,400.0,19780201,20051231
10,5,0.5,49.7361,10.1782,Kitzingen,Bayern,S,188.0,19821101,20150422
14,7,0.5,48.4329,7.9931,Ohlsbach,Baden-Württemberg,S,176.0,19700101,20150422
4,2,0.5,47.8588,12.3624,Prien-Stock,Bayern,S,530.0,19460101,19571231
2,1,0.5,48.0791,10.1977,Boos,Bayern,S,569.0,19500101,19540731
4,2,0.5,48.8032,9.4697,"Winterbach, Rems-Murr-Kreis",Baden-Württemberg,S,240.0,19940801,20020331
16,8,0.5,52.5181,7.3081,Lingen,Niedersachsen,N,22.0,19510101,20150422
2,1,0.5,47.7724,12.9073,Piding,Bayern,S,458.0,20061201,20150422
10,5,0.5,49.5033,7.2773,Osterhof,Saarland,W,338.0,19610101,19771231
14,7,0.5,52.3397,14.508,Frankfurt/Oder,Brandenburg,O,65.0,19470101,19841231
37,19,0.5135135135135135,48.8548,12.9187,Metten,Bayern,S,313.0,19410101,20150422
27,14,0.5185185185185185,48.8254,10.5066,Reimlingen,Bayern,S,435.0,19470101,20150422
23,12,0.5217391304347826,50.5346,7.0853,"Neuenahr, Bad-Ahrweiler",Rheinland-Pfalz,W,111.0,19480101,20150422
23,12,0.5217391304347826,49.0382,8.3641,Karlsruhe,Baden-Württemberg,S,112.0,18760101,20081031
23,12,0.5217391304347826,49.1911,7.5875,Pirmasens,Rheinland-Pfalz,W,385.0,19500101,20150422
21,11,0.5238095238095238,49.2178,10.2296,Wörnitz-Bottenweiler,Bayern,S,464.0,19480701,20071231
21,11,0.5238095238095238,49.0424,12.1021,Regensburg,Bayern,S,365.0,19470101,20150422
21,11,0.5238095238095238,51.1318,9.5189,Melsungen-Bürstoß,Hessen,W,254.0,19500101,20031231
21,11,0.5238095238095238,49.7611,8.4876,Gernsheim,Hessen,W,90.0,19560101,20051231
38,20,0.5263157894736842,47.8749,8.0038,Feldberg/Schwarzwald,Baden-Württemberg,S,1490.0,19450101,20150422
19,10,0.5263157894736842,52.9542,7.3196,Dörpen,Niedersachsen,N,8.0,19590301,20150422
17,9,0.5294117647058824,48.5357,12.1132,Landshut,Bayern,S,393.0,19470111,20080331
17,9,0.5294117647058824,47.6383,10.4313,Oy-Mittelberg,Bayern,S,1010.0,19490101,19930630
17,9,0.5294117647058824,48.1813,8.6351,Rottweil,Baden-Württemberg,S,588.0,19570201,20150422
17,9,0.5294117647058824,50.4485,7.4275,Neuwied,Rheinland-Pfalz,W,91.0,19500101,19970731
17,9,0.5294117647058824,48.0572,12.2202,Wasserburg,Bayern,S,443.0,19490101,19931231
17,9,0.5294117647058824,50.0575,10.216,Schweinfurt-Gartenstadt,Bayern,S,240.0,19580501,20031231
15,8,0.5333333333333333,54.2989,9.3161,Erfde,Schleswig-Holstein,N,18.0,19640501,20150422
15,8,0.5333333333333333,50.8646,7.1575,Köln-Bonn,Nordrhein-Westfalen,W,92.0,19570901,20150422
15,8,0.5333333333333333,49.5781,9.7142,Lauda-Königshofen-Gerlachsheim,Baden-Württemberg,S,199.0,19490101,19851231
15,8,0.5333333333333333,51.1056,9.1081,"Wildungen, Bad",Hessen,W,310.0,19470101,20010331
15,8,0.5333333333333333,51.6334,8.1872,"Sassendorf, Bad-Ostinghausen",Nordrhein-Westfalen,W,81.0,19500101,19800630
28,15,0.5357142857142857,52.4461,8.5906,Rahden-Kleinendorf,Nordrhein-Westfalen,W,41.0,19510101,20150422
28,15,0.5357142857142857,50.1352,10.5156,Hofheim,Bayern,S,263.0,19490101,20061231
13,7,0.5384615384615384,48.013,7.8588,Freiburg im Breisgau-Herdern,Baden-Württemberg,S,255.0,19470101,19850630
13,7,0.5384615384615384,50.0103,9.61,Lohr/Main-Steinbach,Bayern,S,161.0,19470101,20051031
26,14,0.5384615384615384,47.6185,12.1666,Kiefersfelden-Gach,Bayern,S,518.0,19470101,20150422
13,7,0.5384615384615384,49.7326,6.6131,Trier-Zewen,Rheinland-Pfalz,W,132.0,19070501,20150422
13,7,0.5384615384615384,51.0412,6.1041,Heinsberg-Schleiden,Nordrhein-Westfalen,W,57.0,19630101,20150422
26,14,0.5384615384615384,50.6271,9.442,Wartenberg-Angersbach,Hessen,W,270.0,19490101,20051231
26,14,0.5384615384615384,52.5881,8.3424,Diepholz,Niedersachsen,N,39.0,19520901,20150422
13,7,0.5384615384615384,54.4752,9.0564,Husum,Schleswig-Holstein,N,3.0,18910101,19740630
26,14,0.5384615384615384,48.5701,10.4985,Dillingen/Donau,Bayern,S,420.0,19470501,20061130
13,7,0.5384615384615384,53.1018,8.2516,Oldenburg (A),Niedersachsen,N,5.0,19470101,19890930
26,14,0.5384615384615384,50.026,8.5215,Frankfurt/Main,Hessen,W,100.0,19490101,20150422
24,13,0.5416666666666666,47.7238,12.874,"Reichenhall, Bad",Bayern,S,470.0,19450101,20061130
11,6,0.5454545454545454,47.6777,11.0473,"Kohlgrub, Bad (A)",Bayern,S,850.0,19510101,19910731
22,12,0.5454545454545454,53.0643,7.9022,Friesoythe-Altenoythe,Niedersachsen,N,6.0,19470201,20150422
22,12,0.5454545454545454,50.1505,6.5526,Hersdorf-Weißenseifen,Rheinland-Pfalz,W,530.0,19610101,20051231
11,6,0.5454545454545454,48.2166,11.2965,Maisach-Gernlinden,Bayern,S,509.0,19831101,20041231
11,6,0.5454545454545454,48.9569,9.071,Sachsenheim,Baden-Württemberg,S,248.0,19871101,20150422
11,6,0.5454545454545454,54.159,10.402,Plön (See),Schleswig-Holstein,N,24.0,19500101,19970131
22,12,0.5454545454545454,49.9445,6.3821,Olsdorf,Rheinland-Pfalz,W,328.0,19520101,20150422
11,6,0.5454545454545454,51.589,7.1548,Herten,Nordrhein-Westfalen,W,60.0,19760101,20071231
11,6,0.5454545454545454,48.9832,12.1443,Regensburg-Burgweinting,Bayern,S,341.0,19811001,20061231
11,6,0.5454545454545454,53.5468,9.9664,Hamburg-Sankt Pauli,Hamburg,N,35.0,19560101,20000229
22,12,0.5454545454545454,50.7827,6.0941,Aachen,Nordrhein-Westfalen,W,202.0,18910101,20110331
22,12,0.5454545454545454,53.761,12.5574,Teterow,Mecklenburg-Vorpommern,O,38.0,19470101,20150422
20,11,0.55,49.5534,6.812,Weiskirchen/Saar,Saarland,W,380.0,19570101,20150422
20,11,0.55,51.0221,13.847,Dresden-Hosterwitz,Sachsen,O,114.0,19490101,20150422
20,11,0.55,51.1622,14.9506,Görlitz,Sachsen,O,238.0,19470101,20150422
20,11,0.55,48.3837,9.9524,Ulm,Baden-Württemberg,S,567.0,19440101,20140831
20,11,0.55,48.251,10.4163,Krumbach-Edenhausen,Bayern,S,520.0,19510101,19901031
20,11,0.55,52.4644,9.6779,Hannover,Niedersachsen,N,55.0,19360101,20150422
29,16,0.5517241379310345,47.6752,12.4696,Reit im Winkl,Bayern,S,685.0,19450101,20150422
29,16,0.5517241379310345,50.2241,10.0792,"Kissingen, Bad",Bayern,S,282.0,19460101,20150422
9,5,0.5555555555555556,48.2018,7.9336,Freiamt-Ottoschwanden,Baden-Württemberg,S,481.0,19710501,20031231
9,5,0.5555555555555556,51.212,10.9956,Weißensee-Ottenhausen,Thüringen,O,165.0,19910101,20071231
9,5,0.5555555555555556,49.2504,12.604,Pemfling-Pitzling,Bayern,S,389.0,19480201,19960430
27,15,0.5555555555555556,50.7913,12.872,Chemnitz,Sachsen,O,418.0,19470101,20150422
27,15,0.5555555555555556,50.9829,10.9608,Erfurt-Weimar,Thüringen,O,316.0,19510101,20150422
9,5,0.5555555555555556,53.8953,10.704,Lübeck-Werft,Schleswig-Holstein,N,5.0,18900101,19730630
18,10,0.5555555555555556,51.207,9.0658,Waldeck,Hessen,W,376.0,19470101,19890430
9,5,0.5555555555555556,47.6652,11.0804,"Kohlgrub, Bad (Rosshof)",Bayern,S,740.0,19910801,20150422
18,10,0.5555555555555556,51.8539,9.4964,"Bevern, Kr. Holzminden",Niedersachsen,N,110.0,19510101,20150422
9,5,0.5555555555555556,48.2635,12.276,Obertaufkirchen,Bayern,S,455.0,19360701,19581231
9,5,0.5555555555555556,47.903,11.345,Ammerland,Bayern,S,630.0,19410101,19701231
9,5,0.5555555555555556,53.3585,13.0502,Neustrelitz,Mecklenburg-Vorpommern,O,64.0,19470101,19760630
9,5,0.5555555555555556,49.0817,9.6868,Schwäbisch Hall-Bibersfeld,Baden-Württemberg,S,349.0,19830401,20010731
9,5,0.5555555555555556,50.9169,13.713,Dippoldiswalde-Reinberg,Sachsen,O,365.0,19910101,20150422
18,10,0.5555555555555556,52.4578,13.3101,Berlin-Dahlem (FU),Berlin,O,51.0,19500101,20150422
9,5,0.5555555555555556,50.0616,9.455,Frammersbach,Bayern,S,260.0,19650401,19801031
18,10,0.5555555555555556,47.8774,11.3642,Attenkam,Bayern,S,672.0,19710401,20150422
34,19,0.5588235294117647,50.9656,9.05,Gilserberg-Moischeid,Hessen,W,340.0,19490101,20150422
25,14,0.56,50.9251,11.583,Jena (Sternwarte),Thüringen,O,155.0,18240101,20150422
25,14,0.56,50.9198,8.5268,Biedenkopf,Hessen,W,349.0,19450101,20061231
25,14,0.56,50.2841,10.4456,"Königshofen, Bad",Bayern,S,288.0,19510101,20150422
16,9,0.5625,52.4289,13.2327,Berlin-Zehlendorf,Berlin,O,45.0,19640101,20061231
16,9,0.5625,53.4621,7.467,Aurich,Niedersachsen,N,4.0,19580901,20061231
16,9,0.5625,48.0233,7.8344,Freiburg,Baden-Württemberg,S,236.0,19490501,20150422
16,9,0.5625,49.8578,12.3541,Tirschenreuth-Lodermühl,Bayern,S,500.0,19670101,20150422
16,9,0.5625,53.8551,9.7152,Brande-Hörnerkirchen,Schleswig-Holstein,N,9.0,19630501,20061231
16,9,0.5625,51.2898,6.4443,Tönisvorst,Nordrhein-Westfalen,W,37.0,19540101,20150422
16,9,0.5625,48.9354,9.7364,"Gschwend, Kr. Ostalb",Baden-Württemberg,S,492.0,19510101,20021231
16,9,0.5625,53.1288,9.3395,Rotenburg (Wümme),Niedersachsen,N,32.0,19460101,20150422
16,9,0.5625,50.1691,7.9949,Heidenrod-Mappershain,Hessen,W,496.0,19520201,19901231
16,9,0.5625,53.4779,9.1553,Bremervörde (A),Niedersachsen,N,5.0,19370101,19850531
32,18,0.5625,48.6883,9.2235,Stuttgart-Echterdingen,Baden-Württemberg,S,371.0,19530101,20150422
16,9,0.5625,48.3647,7.828,Lahr,Baden-Württemberg,S,155.0,19500101,20150422
23,13,0.5652173913043478,48.031,12.5396,Trostberg,Bayern,S,559.0,19450101,20150422
23,13,0.5652173913043478,53.0316,13.9907,Angermünde,Brandenburg,O,54.0,19470101,20150422
23,13,0.5652173913043478,48.7768,9.8025,Schwäbisch Gmünd-Strassdorf,Baden-Württemberg,S,415.0,19510101,20021031
30,17,0.5666666666666667,50.5335,9.675,Fulda,Hessen,W,255.0,19490101,20110425
7,4,0.5714285714285714,51.3895,11.5414,Querfurt-Mühle Lodersleben,Sachsen-Anhalt,O,204.0,19950501,20150422
7,4,0.5714285714285714,51.9119,9.1533,Schieder,Nordrhein-Westfalen,W,155.0,19810101,20071231
7,4,0.5714285714285714,51.652,11.1367,Harzgerode,Sachsen-Anhalt,O,404.0,19470101,20150422
28,16,0.5714285714285714,47.982,10.1384,Memmingen,Bayern,S,615.0,19610101,20150422
7,4,0.5714285714285714,52.7432,7.8763,Löningen-Hagel,Niedersachsen,N,27.0,19930501,20070630
14,8,0.5714285714285714,48.2953,8.2391,Wolfach,Baden-Württemberg,S,291.0,19580101,20150422
7,4,0.5714285714285714,48.2766,9.0001,Albstadt-Onstmettingen,Baden-Württemberg,S,794.0,19781001,19950531
7,4,0.5714285714285714,51.3912,11.8785,"Lauchstädt, Bad",Sachsen-Anhalt,O,119.0,19510101,20070430
7,4,0.5714285714285714,51.1765,11.4183,Rastenberg,Thüringen,O,200.0,19470101,20050630
21,12,0.5714285714285714,51.6184,9.5761,Wahlsburg-Lippoldsberg,Hessen,W,176.0,19510101,20150422
28,16,0.5714285714285714,51.776,14.3168,Cottbus,Brandenburg,O,69.0,18870101,20150422
7,4,0.5714285714285714,47.8591,9.0154,Stockach,Baden-Württemberg,S,532.0,19771001,19940731
7,4,0.5714285714285714,53.8025,10.6988,Lübeck-Blankensee,Schleswig-Holstein,N,16.0,19850301,20150422
21,12,0.5714285714285714,51.254,8.1563,Eslohe,Nordrhein-Westfalen,W,351.0,19380101,20150422
14,8,0.5714285714285714,50.6546,10.7693,Schmücke,Thüringen,O,937.0,19471101,20150422
7,4,0.5714285714285714,50.6588,8.1027,Fuchskauten,Rheinland-Pfalz,W,653.0,19470101,19621130
7,4,0.5714285714285714,54.8991,8.3123,Westerland,Schleswig-Holstein,N,3.0,19360101,19611231
35,20,0.5714285714285714,49.452,12.4366,Oberviechtach,Bayern,S,596.0,19481001,20150422
28,16,0.5714285714285714,50.4788,9.262,Grebenhain-Herchenhain,Hessen,W,608.0,19360101,20050331
21,12,0.5714285714285714,53.6332,9.9881,Hamburg-Fuhlsbüttel,Hamburg,N,11.0,18910101,20150422
7,4,0.5714285714285714,54.6792,13.4343,Arkona,Mecklenburg-Vorpommern,O,42.0,19470101,20150422
7,4,0.5714285714285714,49.9695,9.9113,Arnstein-Müdesheim,Bayern,S,220.0,19860401,20150422
14,8,0.5714285714285714,50.7055,7.1467,Bonn-Friesdorf,Nordrhein-Westfalen,W,62.0,19321001,19990301
7,4,0.5714285714285714,54.0714,12.3238,Groß Lüsewitz,Mecklenburg-Vorpommern,O,34.0,19670101,20150422
7,4,0.5714285714285714,50.2707,12.2738,"Elster, Bad-Sohl",Sachsen,O,560.0,19480601,20150422
7,4,0.5714285714285714,50.5309,10.048,Birx/Rhön,Thüringen,O,745.0,19910101,20150422
7,4,0.5714285714285714,47.598,9.8878,Lindenberg/Allgäu,Bayern,S,760.0,19700601,19880430
7,4,0.5714285714285714,51.3768,7.7644,Iserlohn-Westig,Nordrhein-Westfalen,W,230.0,19380101,19780630
7,4,0.5714285714285714,51.5662,14.6989,"Muskau, Bad",Sachsen,O,125.0,19480401,20150422
19,11,0.5789473684210527,47.8062,9.6206,"Weingarten, Kr. Ravensburg",Baden-Württemberg,S,440.0,19460101,20150422
19,11,0.5789473684210527,52.1264,8.6865,Herford,Nordrhein-Westfalen,W,77.0,19360101,20071231
24,14,0.5833333333333334,48.4254,10.942,Augsburg,Bayern,S,461.0,19470101,20150422
12,7,0.5833333333333334,51.512,7.5345,Dortmund,Nordrhein-Westfalen,W,120.0,19500101,19990930
12,7,0.5833333333333334,50.4505,11.635,"Lobenstein, Bad",Thüringen,O,500.0,19910101,20150422
12,7,0.5833333333333334,50.9615,6.9712,Köln-Botanischer Garten,Nordrhein-Westfalen,W,45.0,19360101,19841231
12,7,0.5833333333333334,47.6452,9.4795,Friedrichshafen,Baden-Württemberg,S,394.0,19470101,19801130
12,7,0.5833333333333334,47.7713,9.1562,Überlingen/Bodensee,Baden-Württemberg,S,446.0,19460101,20031231
12,7,0.5833333333333334,53.7444,14.0697,Ueckermünde,Mecklenburg-Vorpommern,O,1.0,19470101,20150422
12,7,0.5833333333333334,51.352,10.9059,Sondershausen,Thüringen,O,216.0,19470101,20101231
12,7,0.5833333333333334,52.9037,12.8072,Neuruppin,Brandenburg,O,38.0,19610101,20150422
12,7,0.5833333333333334,53.3552,9.9355,Buchholz in der Nordheide,Niedersachsen,N,77.0,19760601,20040531
12,7,0.5833333333333334,50.6249,12.1777,Greiz-Dölau,Thüringen,O,270.0,19910101,20061231
24,14,0.5833333333333334,48.4025,11.6946,Weihenstephan-Dürnast,Bayern,S,477.0,19310101,20150422
12,7,0.5833333333333334,49.1512,9.292,Weinsberg,Baden-Württemberg,S,219.0,19530101,19840630
29,17,0.5862068965517241,49.4773,9.7623,"Mergentheim, Bad-Neunkirchen",Baden-Württemberg,S,250.0,19470101,20150422
29,17,0.5862068965517241,48.8301,11.4872,Kösching,Bayern,S,417.0,19490101,20150422
17,10,0.5882352941176471,48.727,8.2458,Baden-Baden-Geroldsau,Baden-Württemberg,S,240.0,19490101,20150422
17,10,0.5882352941176471,47.8063,7.6384,Müllheim,Baden-Württemberg,S,273.0,19470101,20150422
17,10,0.5882352941176471,54.134,10.5865,Eutin,Schleswig-Holstein,N,50.0,19360101,20031231
17,10,0.5882352941176471,49.5742,10.1916,Gollhofen,Bayern,S,308.0,19510301,20150422
17,10,0.5882352941176471,52.2553,8.0534,Osnabrück,Niedersachsen,N,95.0,19520201,20101130
22,13,0.5909090909090909,50.1015,6.8009,Manderscheid-Sonnenhof,Rheinland-Pfalz,W,413.0,19611101,20150422
22,13,0.5909090909090909,52.1042,8.7521,"Salzuflen, Bad",Nordrhein-Westfalen,W,135.0,19350101,20150422
27,16,0.5925925925925926,48.3751,8.9801,Hechingen,Baden-Württemberg,S,522.0,19470101,20150422
27,16,0.5925925925925926,52.1029,11.5827,Magdeburg,Sachsen-Anhalt,O,76.0,19470101,20150422
27,16,0.5925925925925926,50.8924,9.4053,Neukirchen-Hauptschwenda,Hessen,W,500.0,19470101,20150422
27,16,0.5925925925925926,47.7233,10.3348,Kempten,Bayern,S,705.0,19520101,20150422
5,3,0.6,51.7954,11.1319,Quedlinburg,Sachsen-Anhalt,O,142.0,19910101,20150422
15,9,0.6,50.4538,10.221,Ostheim v.d. Rhön,Bayern,S,312.0,19720501,20150422
5,3,0.6,53.1864,12.4949,Wittstock-Rote Mühle,Brandenburg,O,66.0,19940301,20150422
5,3,0.6,49.2581,6.8612,Völklingen-Stadt,Saarland,W,220.0,19610101,19820228
10,6,0.6,52.6147,10.0727,Celle (Stadt),Niedersachsen,N,38.0,19400101,19781231
20,12,0.6,51.9044,10.1888,Seesen,Niedersachsen,N,186.0,19370101,20150422
15,9,0.6,53.5322,7.8806,Jever,Niedersachsen,N,7.0,19400101,20050826
5,3,0.6,50.3601,6.8697,Nürburg-Barweiler,Rheinland-Pfalz,W,485.0,19950306,20150422
20,12,0.6,50.1969,12.1727,Selb/Oberfranken-Wildenau,Bayern,S,611.0,19410101,20000630
10,6,0.6,48.2052,9.0371,Albstadt-Ebingen,Baden-Württemberg,S,712.0,19730601,19860930
5,3,0.6,52.0006,13.1022,Jüterbog,Brandenburg,O,75.0,19670101,19801231
20,12,0.6,49.3847,10.1732,Rothenburg ob der Tauber,Bayern,S,415.0,19470601,20150422
5,3,0.6,48.6707,11.2173,Königsmoos-Untermaxfeld,Bayern,S,378.0,19940401,20081231
5,3,0.6,47.976,8.1558,Waldau-Jostal,Baden-Württemberg,S,1005.0,19480101,19611231
5,3,0.6,53.6476,7.6085,Esens,Niedersachsen,N,3.0,19790901,19991031
10,6,0.6,54.3146,9.539,Hohn,Schleswig-Holstein,N,10.0,19811001,20150422
10,6,0.6,48.6493,11.7772,Mainburg,Bayern,S,431.0,19780501,20050131
5,3,0.6,54.3192,9.8052,Ostenfeld (Rendsburg),Schleswig-Holstein,N,14.0,19980601,20150422
5,3,0.6,49.4811,10.964,Fürth/Bayern (A),Bayern,S,313.0,19470601,19550331
5,3,0.6,47.9552,8.7565,Tuttlingen-Möhringen,Baden-Württemberg,S,675.0,19810601,19901231
5,3,0.6,47.8007,9.4108,Deggenhausertal-Azenweiler,Baden-Württemberg,S,708.0,19890801,20031231
15,9,0.6,50.4819,12.13,Plauen,Sachsen,O,386.0,19470101,20150422
5,3,0.6,50.9041,11.7985,Bobeck,Thüringen,O,344.0,19940501,20020930
10,6,0.6,48.7832,13.3145,Saldenburg-Entschenreuth,Bayern,S,456.0,19850901,20150422
35,21,0.6,50.4283,12.9535,Fichtelberg,Sachsen,O,1213.0,19470101,20150422
5,3,0.6,52.5468,14.5452,Manschnow,Brandenburg,O,12.0,19850101,20150422
5,3,0.6,49.2247,10.6084,Weidenbach-Weiherschneidbach,Bayern,S,455.0,19990701,20150422
10,6,0.6,52.0355,10.3054,Salzgitter-Ringelheim,Niedersachsen,N,138.0,19650101,19991231
5,3,0.6,52.2486,9.5056,Annaturm,Niedersachsen,N,395.0,19690501,19911130
5,3,0.6,49.4778,11.5355,Pommelsbrunn-Mittelburg,Bayern,S,522.0,19930901,20150422
5,3,0.6,48.7757,12.1743,Mallersdorf-Pfaffenberg,Bayern,S,404.0,20000401,20120326
10,6,0.6,50.7041,10.8576,Elgersburg,Thüringen,O,518.0,19470101,19740831
15,9,0.6,51.6451,13.5747,Doberlug-Kirchhain,Brandenburg,O,97.0,19480701,20150422
10,6,0.6,49.2967,9.652,Ingelfingen,Baden-Württemberg,S,209.0,19800701,20021130
5,3,0.6,49.4864,7.029,Schaumberg-Tholey,Saarland,W,569.0,19510101,19651231
25,15,0.6,53.6425,11.3872,Schwerin,Mecklenburg-Vorpommern,O,59.0,18900101,20150422
5,3,0.6,50.4707,10.9106,Eisfeld-Waffenrod-Hinterrod,Thüringen,O,668.0,19910101,20020930
5,3,0.6,51.5554,13.8846,Klettwitz,Brandenburg,O,128.0,19960701,20150422
15,9,0.6,51.7612,6.0954,Kleve,Nordrhein-Westfalen,W,46.0,19471111,20150422
38,23,0.6052631578947368,47.4831,11.0623,Garmisch-Partenkirchen,Bayern,S,719.0,19360101,20150422
28,17,0.6071428571428571,48.7893,13.6291,Grainet-Rehberg,Bayern,S,628.0,19570501,20150422
23,14,0.6086956521739131,54.5275,9.5486,Schleswig,Schleswig-Holstein,N,43.0,19470101,20150422
23,14,0.6086956521739131,49.1509,11.6897,Parsberg/Oberpfalz-Eglwang,Bayern,S,549.0,19500101,20150422
23,14,0.6086956521739131,50.4927,9.1228,Schotten,Hessen,W,265.0,19490101,20150422
23,14,0.6086956521739131,49.5728,10.6001,Neustadt/Aisch,Bayern,S,315.0,19470101,20020131
23,14,0.6086956521739131,48.9895,10.1312,Ellwangen-Rindelbach,Baden-Württemberg,S,460.0,19410101,20150422
23,14,0.6086956521739131,53.2758,8.9857,Worpswede-Hüttenbusch,Niedersachsen,N,7.0,19520101,20150422
18,11,0.6111111111111112,51.0607,9.9266,Sontra,Hessen,W,265.0,19610101,20150422
31,19,0.6129032258064516,51.7986,10.6183,Brocken,Sachsen-Anhalt,O,1134.0,19470911,20150422
31,19,0.6129032258064516,48.5121,9.7645,Merklingen,Baden-Württemberg,S,685.0,19490101,20150422
13,8,0.6153846153846154,51.3493,9.8438,Witzenhausen,Hessen,W,133.0,19480101,19990831
13,8,0.6153846153846154,53.8278,9.2486,Freiburg/Elbe,Niedersachsen,N,2.0,19701101,20150422
13,8,0.6153846153846154,49.264,6.6868,Berus,Saarland,W,363.0,19510101,20150422
26,16,0.6153846153846154,49.6497,11.0073,Möhrendorf-Kleinseebach,Bayern,S,268.0,19490101,20150422
13,8,0.6153846153846154,50.3849,9.5358,Schlüchtern-Kloster Gomfritz,Hessen,W,375.0,19540101,19850930
26,16,0.6153846153846154,48.0719,9.1942,Sigmaringen-Laiz,Baden-Württemberg,S,580.0,19510101,20150422
13,8,0.6153846153846154,54.6928,8.5271,Wrixum/Föhr,Schleswig-Holstein,N,8.0,18870701,20030630
13,8,0.6153846153846154,49.3436,7.2295,Neunkirchen-Wellesweiler,Saarland,W,236.0,19700101,20150422
13,8,0.6153846153846154,51.8189,9.8871,Einbeck,Niedersachsen,N,123.0,19510101,19891130
13,8,0.6153846153846154,49.5058,11.5142,Pommelsbrunn,Bayern,S,368.0,19490301,19930630
13,8,0.6153846153846154,52.5176,14.1232,Müncheberg,Brandenburg,O,63.0,19490101,20150422
13,8,0.6153846153846154,48.1877,11.2206,Puch,Bayern,S,550.0,19510101,19830831
21,13,0.6190476190476191,52.2914,10.4465,Braunschweig,Niedersachsen,N,81.0,19610101,20150422
21,13,0.6190476190476191,49.5181,9.3214,"Buchen, Kr. Neckar-Odenwald",Baden-Württemberg,S,340.0,19350101,20150422
8,5,0.625,55.011,8.4125,List auf Sylt,Schleswig-Holstein,N,26.0,19370101,20150422
16,10,0.625,48.5665,8.7184,Nagold,Baden-Württemberg,S,380.0,19490101,19950331
8,5,0.625,51.519,12.9062,Klitzschen bei Torgau,Sachsen,O,85.0,19941001,20150422
8,5,0.625,51.8218,11.7109,Bernburg/Saale (Nord),Sachsen-Anhalt,O,84.0,19520101,20150422
8,5,0.625,52.2172,12.1635,Drewitz bei Burg,Sachsen-Anhalt,O,80.0,19930501,20150422
8,5,0.625,48.3477,11.8133,München-Flughafen,Bayern,S,446.0,19920517,20150422
24,15,0.625,54.2181,9.0853,Weddingstedt,Schleswig-Holstein,N,10.0,19370101,20020630
8,5,0.625,51.6681,10.8823,Oberharz am Brocken-Stiege,Sachsen-Anhalt,O,494.0,19470101,20131210
24,15,0.625,51.1803,8.4891,Kahler Asten,Nordrhein-Westfalen,W,839.0,19550101,20150422
8,5,0.625,51.4634,6.7321,Duisburg-Laar,Nordrhein-Westfalen,W,21.0,19510101,19931231
8,5,0.625,49.7176,9.0997,Michelstadt-Vielbrunn,Hessen,W,453.0,19871001,20150422
8,5,0.625,50.7281,11.7838,Schmieritz-Weltwitz,Thüringen,O,355.0,19910101,20150422
8,5,0.625,49.712,9.2258,Miltenberg,Bayern,S,128.0,19801101,20031231
8,5,0.625,54.665,9.8035,Wagersrott,Schleswig-Holstein,N,40.0,19741201,20150422
16,10,0.625,50.2599,8.3602,Waldems-Reinborn,Hessen,W,380.0,19510101,20150422
8,5,0.625,54.775,8.9808,Leck (A),Schleswig-Holstein,N,5.0,19510101,19750228
8,5,0.625,50.03,11.8074,Ochsenkopf,Bayern,S,1014.0,19590901,19820930
16,10,0.625,51.5138,11.9499,Halle-Kröllwitz,Sachsen-Anhalt,O,93.0,19510101,20150322
8,5,0.625,52.1346,7.6964,Münster/Osnabrück,Nordrhein-Westfalen,W,48.0,19891001,20150422
8,5,0.625,51.7498,11.4667,Aschersleben,Sachsen-Anhalt,O,105.0,19470101,19641231
8,5,0.625,50.1474,8.6746,Frankfurt/Main (Stadt),Hessen,W,125.0,19611201,19840831
8,5,0.625,48.0349,10.8709,Landsberg/Lech,Bayern,S,602.0,19500101,19671231
27,17,0.6296296296296297,51.7234,10.6021,Braunlage,Niedersachsen,N,607.0,19360101,20150422
27,17,0.6296296296296297,49.207,9.5175,Öhringen,Baden-Württemberg,S,276.0,19470101,20150422
27,17,0.6296296296296297,48.0452,8.4608,Villingen-Schwenningen,Baden-Württemberg,S,720.0,19470101,20150422
19,12,0.631578947368421,49.0851,13.2801,Grosser Falkenstein,Bayern,S,1307.0,19470101,19821031
19,12,0.631578947368421,50.0644,8.9932,Kahl/Main,Bayern,S,107.0,19470101,20150422
19,12,0.631578947368421,47.8652,10.6007,Kaufbeuren,Bayern,S,716.0,19700501,20150422
19,12,0.631578947368421,49.4689,11.8547,Amberg-Unterammersricht,Bayern,S,383.0,19470101,20150421
19,12,0.631578947368421,48.9726,8.3302,Rheinstetten,Baden-Württemberg,S,116.0,19480101,20150422
30,19,0.6333333333333333,50.3122,11.8761,Hof,Bayern,S,565.0,19470101,20150422
30,19,0.6333333333333333,50.4973,9.9428,Wasserkuppe,Hessen,W,921.0,19360101,20150422
11,7,0.6363636363636364,50.6407,6.2058,Roetgen,Nordrhein-Westfalen,W,440.0,19480101,19920930
11,7,0.6363636363636364,51.2806,10.7362,Ebeleben,Thüringen,O,258.0,19910101,20071231
11,7,0.6363636363636364,50.5002,11.1344,Neuhaus am Rennweg,Thüringen,O,845.0,19890501,20150422
11,7,0.6363636363636364,49.7725,12.3891,Altglashütte,Bayern,S,750.0,19531211,19870930
11,7,0.6363636363636364,48.7137,9.2092,Stuttgart-Hohenheim,Baden-Württemberg,S,401.0,19000101,19770630
11,7,0.6363636363636364,54.2878,9.6749,Rendsburg,Schleswig-Holstein,N,8.0,19731001,19980228
11,7,0.6363636363636364,51.8369,10.4312,Schulenberg,Niedersachsen,N,504.0,19690601,19970331
11,7,0.6363636363636364,49.2964,10.5751,Ansbach,Bayern,S,413.0,19520101,19760430
11,7,0.6363636363636364,49.2795,9.6925,Künzelsau,Baden-Württemberg,S,225.0,19460101,19800630
22,14,0.6363636363636364,52.3807,13.5306,Berlin-Schönefeld,Brandenburg,O,46.0,19670101,20150422
25,16,0.64,52.1408,9.8838,Hildesheim,Niedersachsen,N,117.0,19530301,20080229
25,16,0.64,51.7855,8.8388,"Lippspringe, Bad",Nordrhein-Westfalen,W,157.0,19510101,20150422
14,9,0.6428571428571429,48.1252,9.7639,Warthausen-Birkenhard,Baden-Württemberg,S,599.0,19590101,19860930
28,18,0.6428571428571429,51.5003,9.9506,Göttingen,Niedersachsen,N,167.0,19470101,20150422
14,9,0.6428571428571429,51.3873,8.5737,Brilon,Nordrhein-Westfalen,W,443.0,19370101,20040630
14,9,0.6428571428571429,52.5129,11.3941,Gardelegen,Sachsen-Anhalt,O,47.0,19470101,20150422
14,9,0.6428571428571429,51.5029,11.5705,Eisleben-Helfta,Sachsen-Anhalt,O,146.0,19470101,20010531
31,20,0.6451612903225806,50.8519,9.7378,"Hersfeld, Bad",Hessen,W,272.0,19490101,20150422
17,11,0.6470588235294118,48.3723,10.8948,Augsburg (Sankt Stephan),Bayern,S,490.0,19010101,19740430
17,11,0.6470588235294118,52.485,7.9119,Alfhausen,Niedersachsen,N,65.0,19610101,20150422
17,11,0.6470588235294118,51.8875,8.3543,Gütersloh,Nordrhein-Westfalen,W,72.0,19380101,20020331
17,11,0.6470588235294118,54.0873,9.9791,Neumünster,Schleswig-Holstein,N,26.0,19360101,20070831
17,11,0.6470588235294118,50.7314,13.7516,Zinnwald-Georgenfeld,Sachsen,O,877.0,19710101,20150422
34,22,0.6470588235294118,49.6663,12.1845,Weiden,Bayern,S,440.0,19470101,20150422
20,13,0.65,52.4675,13.4021,Berlin-Tempelhof,Berlin,O,48.0,19480101,20150422
20,13,0.65,50.3391,6.9501,Nürburg,Rheinland-Pfalz,W,627.0,19470101,19950228
20,13,0.65,53.0445,8.7985,Bremen,Bremen,N,4.0,18900101,20150422
20,13,0.65,50.8534,7.9966,Siegen (Kläranlage),Nordrhein-Westfalen,W,229.0,19370101,20150422
20,13,0.65,49.8747,9.4883,Bischbrunn,Bayern,S,412.0,19670801,20061231
23,15,0.6521739130434783,53.2657,10.424,Lüneburg,Niedersachsen,N,11.0,19470501,19971231
23,15,0.6521739130434783,52.5644,13.3088,Berlin-Tegel,Berlin,O,36.0,19630101,20150422
26,17,0.6538461538461539,48.4059,11.3117,Altomünster-Maisbrunn,Bayern,S,510.0,19550101,20150422
26,17,0.6538461538461539,51.0306,8.8146,Burgwald-Bottendorf,Hessen,W,293.0,19521001,20150422
29,19,0.6551724137931034,49.5031,11.0549,Nürnberg,Bayern,S,314.0,19550401,20150422
6,4,0.6666666666666666,53.6946,8.8735,"Steinau, Kr. Cuxhaven",Niedersachsen,N,1.0,19981001,20150422
3,2,0.6666666666666666,48.4734,9.3028,Eningen,Baden-Württemberg,S,705.0,19760101,19850930
24,16,0.6666666666666666,49.1279,12.8645,Höllenstein (Kraftwerk),Bayern,S,403.0,19410101,20060731
3,2,0.6666666666666666,49.021,9.6032,Großerlach-Mannenweiler,Baden-Württemberg,S,523.0,20040601,20150422
3,2,0.6666666666666666,47.7738,8.8218,Singen,Baden-Württemberg,S,445.0,20040701,20150422
3,2,0.6666666666666666,53.3153,13.9338,Grünow,Brandenburg,O,56.0,19730101,20150422
3,2,0.6666666666666666,48.8629,13.067,Hausstein,Bayern,S,648.0,19360101,19750531
3,2,0.6666666666666666,52.5072,11.8549,Demker,Sachsen-Anhalt,O,36.0,20040601,20150422
3,2,0.6666666666666666,47.8663,12.6566,Traunstein-Sparz,Bayern,S,626.0,19360101,19601231
3,2,0.6666666666666666,48.3008,13.1398,Ering,Bayern,S,340.0,19670401,19801231
18,12,0.6666666666666666,49.2511,11.0934,Roth bei Nürnberg,Bayern,S,340.0,19510101,20081231
3,2,0.6666666666666666,53.6615,10.2543,Schmalenbeck,Schleswig-Holstein,N,45.0,19610101,19710331
27,18,0.6666666666666666,48.6657,9.8646,Stötten,Baden-Württemberg,S,734.0,19470101,20150422
3,2,0.6666666666666666,53.8409,13.7549,Bargischow-Gnevezin,Mecklenburg-Vorpommern,O,3.0,19910101,19980831
27,18,0.6666666666666666,48.6765,10.1307,Heidenheim/Brenz,Baden-Württemberg,S,498.0,19470101,20050430
3,2,0.6666666666666666,54.5337,13.246,Trent,Mecklenburg-Vorpommern,O,3.0,19910101,20001231
12,8,0.6666666666666666,53.606,12.1033,Goldberg,Mecklenburg-Vorpommern,O,58.0,19470101,20150422
6,4,0.6666666666666666,51.2452,7.6425,Lüdenscheid,Nordrhein-Westfalen,W,387.0,19940101,20150422
12,8,0.6666666666666666,49.7964,9.8949,Würzburg (Klärwerk),Bayern,S,170.0,19510101,19860131
6,4,0.6666666666666666,51.7515,12.0079,Köthen (Anhalt),Sachsen-Anhalt,O,76.0,19931001,20150422
3,2,0.6666666666666666,47.8349,12.6549,Siegsdorf-Höll,Bayern,S,721.0,20050601,20150422
21,14,0.6666666666666666,49.9667,11.5197,Heinersreuth-Vollhof,Bayern,S,350.0,19470101,20150422
6,4,0.6666666666666666,53.6893,13.242,Altentreptow,Mecklenburg-Vorpommern,O,33.0,19910101,20061231
3,2,0.6666666666666666,50.5457,12.2852,Treuen,Sachsen,O,465.0,20051101,20150422
3,2,0.6666666666666666,50.0133,9.6539,Lohr/Main-Halsbach,Bayern,S,285.0,20051101,20150422
6,4,0.6666666666666666,50.8446,7.3714,Neunkirchen-Seelscheid-Krawinkel,Nordrhein-Westfalen,W,195.0,19920901,20150422
18,12,0.6666666666666666,52.9664,13.3268,Zehdenick,Brandenburg,O,51.0,19480701,20150422
3,2,0.6666666666666666,48.2072,11.2034,Maisach-Galgen,Bayern,S,530.0,20050201,20150422
15,10,0.6666666666666666,51.1334,8.0352,Lennestadt-Theten,Nordrhein-Westfalen,W,286.0,19620401,20150422
18,12,0.6666666666666666,48.6136,8.2034,Hornisgrinde,Baden-Württemberg,S,1119.0,19530101,20050831
9,6,0.6666666666666666,53.5196,12.6654,Waren (Müritz),Mecklenburg-Vorpommern,O,73.0,19470101,20150422
3,2,0.6666666666666666,48.5915,8.8541,Herrenberg,Baden-Württemberg,S,430.0,19780401,19850331
3,2,0.6666666666666666,48.7425,8.924,Renningen-Ihinger Hof,Baden-Württemberg,S,478.0,20040701,20150422
3,2,0.6666666666666666,50.651,13.1469,Marienberg,Sachsen,O,639.0,19560101,20150422
3,2,0.6666666666666666,51.6254,10.3704,Herzberg,Niedersachsen,N,238.0,19911001,20150422
9,6,0.6666666666666666,54.7737,9.3752,Flensburg (Schäferhaus),Schleswig-Holstein,N,41.0,19570101,19850630
3,2,0.6666666666666666,50.1394,8.0627,"Schwalbach, Bad",Hessen,W,320.0,19910101,19980630
3,2,0.6666666666666666,50.1988,7.8647,Nastätten,Rheinland-Pfalz,W,268.0,20000401,20150422
3,2,0.6666666666666666,48.1479,9.4596,"Altheim, Kreis Biberach",Baden-Württemberg,S,533.0,20040801,20150422
3,2,0.6666666666666666,51.9639,11.1208,Schwanebeck,Sachsen-Anhalt,O,117.0,19950701,19991130
21,14,0.6666666666666666,53.3223,11.9319,Marnitz,Mecklenburg-Vorpommern,O,81.0,19470101,20150422
15,10,0.6666666666666666,49.1965,10.6487,"Weidenbach, Kr.Ansbach",Bayern,S,425.0,19480101,19710630
3,2,0.6666666666666666,54.575,13.1044,Hiddensee-Vitte,Mecklenburg-Vorpommern,O,1.0,19470101,20150422
6,4,0.6666666666666666,52.404,13.7309,Berlin-Kaniswall,Berlin,O,33.0,19960601,20150422
12,8,0.6666666666666666,51.296,13.0928,Oschatz,Sachsen,O,150.0,19780101,20150422
6,4,0.6666666666666666,52.4069,13.4127,Berlin-Lichtenrade,Berlin,O,47.0,19820701,19960930
6,4,0.6666666666666666,48.1644,12.0307,Mittbach,Bayern,S,621.0,19590101,19771231
24,16,0.6666666666666666,50.4002,11.3889,Teuschnitz,Bayern,S,633.0,19480101,20150422
3,2,0.6666666666666666,49.2406,6.9351,Saarbrücken-Burbach,Saarland,W,190.0,20010401,20150422
12,8,0.6666666666666666,50.8458,10.4803,Kleiner Inselsberg,Thüringen,O,732.0,19910101,20150422
3,2,0.6666666666666666,52.5447,13.5598,Berlin-Marzahn,Berlin,O,60.0,19930501,20150422
6,4,0.6666666666666666,52.8482,8.719,Bassum (A),Niedersachsen,N,36.0,19610101,19761231
6,4,0.6666666666666666,47.6985,9.2753,Meersburg,Baden-Württemberg,S,460.0,19470101,19770930
25,17,0.68,49.0984,10.098,Crailsheim-Alexandersreut,Baden-Württemberg,S,423.0,19500101,20031231
25,17,0.68,52.9724,11.1374,Lüchow,Niedersachsen,N,17.0,19541201,20150422
22,15,0.6818181818181818,50.5016,6.5262,Kall-Sistig,Nordrhein-Westfalen,W,505.0,19470101,20150422
22,15,0.6818181818181818,49.9807,11.8376,Fichtelberg/Oberfranken-Hüttstadl,Bayern,S,657.0,19480101,20150422
22,15,0.6818181818181818,48.7848,8.5764,"Wildbad, Bad-Calmbach",Baden-Württemberg,S,385.0,19490101,20010630
22,15,0.6818181818181818,50.8813,12.1289,Gera-Leumnitz,Thüringen,O,311.0,19520101,20150422
19,13,0.6842105263157895,48.3851,9.4837,Münsingen-Apfelstetten,Baden-Württemberg,S,750.0,19460101,20150422
16,11,0.6875,51.9,10.5701,"Harzburg, Bad",Niedersachsen,N,201.0,19360101,20150422
16,11,0.6875,51.5709,9.312,Borgentreich-Bühne,Nordrhein-Westfalen,W,240.0,19510101,20071231
13,9,0.6923076923076923,53.7276,9.9071,Quickborn (Kurzer Kamp),Schleswig-Holstein,N,27.0,19470101,19770630
13,9,0.6923076923076923,52.5959,10.0296,Celle,Niedersachsen,N,39.0,19790101,20150422
13,9,0.6923076923076923,53.9619,10.8892,Travemünde,Schleswig-Holstein,N,2.0,19400101,20010930
13,9,0.6923076923076923,51.8454,10.7686,Wernigerode,Sachsen-Anhalt,O,234.0,19470101,20150422
13,9,0.6923076923076923,50.9837,8.3679,"Berleburg, Bad-Stünzel",Nordrhein-Westfalen,W,610.0,19861201,20150422
13,9,0.6923076923076923,52.0848,9.3896,Hameln,Niedersachsen,N,68.0,19400101,20071031
23,16,0.6956521739130435,51.3745,11.292,Artern,Thüringen,O,164.0,19540101,20150422
10,7,0.7,54.1802,12.0805,Rostock-Warnemünde,Mecklenburg-Vorpommern,O,4.0,19470101,20150422
10,7,0.7,53.8713,8.7058,Cuxhaven,Niedersachsen,N,5.0,19460101,20150422
10,7,0.7,48.7896,9.2167,Stuttgart (Neckartal),Baden-Württemberg,S,224.0,19460101,20130513
10,7,0.7,49.0643,9.582,Mainhardt-Ziegelbronn,Baden-Württemberg,S,473.0,19550501,19830331
10,7,0.7,50.1003,11.4494,Kulmbach,Bayern,S,330.0,19600101,19820531
17,12,0.7058823529411765,50.0858,11.2364,Weismain,Bayern,S,317.0,19510101,19920531
17,12,0.7058823529411765,52.8911,11.7297,Seehausen,Sachsen-Anhalt,O,21.0,19761001,20150422
17,12,0.7058823529411765,50.323,11.9077,Hof (Stadt),Bayern,S,474.0,19490101,20061231
17,12,0.7058823529411765,50.2524,11.3208,Kronach,Bayern,S,312.0,19490101,20150422
17,12,0.7058823529411765,53.3911,10.6878,Boizenburg,Mecklenburg-Vorpommern,O,45.0,19470101,20150422
38,27,0.7105263157894737,49.0114,10.9319,Weißenburg-Emetzheim,Bayern,S,439.0,19360101,20150422
7,5,0.7142857142857143,52.6044,13.2952,Berlin-Tegeler Fliesstal,Berlin,O,36.0,19780401,19941231
7,5,0.7142857142857143,49.975,11.0395,Scheßlitz,Bayern,S,317.0,19921201,20061231
7,5,0.7142857142857143,50.9263,13.2711,Freiberg,Sachsen,O,416.0,19470101,19930430
7,5,0.7142857142857143,54.5227,9.5649,Schleswig-Stadtfeld,Schleswig-Holstein,N,19.0,19530101,19730731
21,15,0.7142857142857143,49.852,10.499,Ebrach,Bayern,S,346.0,19630101,20150422
7,5,0.7142857142857143,49.8809,8.6779,Darmstadt,Hessen,W,162.0,19950801,20150422
7,5,0.7142857142857143,49.6639,11.2239,Gräfenberg-Kasberg,Bayern,S,506.0,19910101,20150422
7,5,0.7142857142857143,53.787,7.9066,Wangerooge,Niedersachsen,N,3.0,19410301,20061231
14,10,0.7142857142857143,50.3746,11.1828,Sonneberg-Neufang,Thüringen,O,626.0,19510101,20080630
14,10,0.7142857142857143,49.5933,11.0704,Uttenreuth,Bayern,S,291.0,19711101,20061231
7,5,0.7142857142857143,49.6122,9.6747,Tauberbischofsheim-Dittigheim,Baden-Württemberg,S,179.0,19860501,20040630
7,5,0.7142857142857143,53.8634,9.7344,Bokel,Schleswig-Holstein,N,10.0,19460101,19621231
7,5,0.7142857142857143,49.59,10.2588,Weigenheim-Reusch,Bayern,S,309.0,19911101,20041231
7,5,0.7142857142857143,50.6444,11.1933,Schwarzburg,Thüringen,O,277.0,19910101,20150422
18,13,0.7222222222222222,48.5198,9.0515,Tübingen,Baden-Württemberg,S,370.0,19500101,19820430
11,8,0.7272727272727273,53.5316,9.6752,Jork,Niedersachsen,N,1.0,19510101,19901031
11,8,0.7272727272727273,51.7209,9.8352,Moringen-Lutterbeck,Niedersachsen,N,240.0,19900701,20150422
11,8,0.7272727272727273,53.5901,8.106,Wilhelmshaven,Niedersachsen,N,1.0,19530101,19980630
15,11,0.7333333333333333,48.8275,12.5598,Straubing,Bayern,S,350.0,19510101,20150422
15,11,0.7333333333333333,48.6018,11.6769,Hüll,Bayern,S,438.0,19360101,19780430
19,14,0.7368421052631579,52.6309,13.5022,Berlin-Buch,Berlin,O,60.0,19610101,20150422
19,14,0.7368421052631579,50.1531,11.7403,Stammbach-Querenbach,Bayern,S,598.0,19640401,20001231
27,20,0.7407407407407407,49.0007,13.2137,Zwieselberg,Bayern,S,615.0,19480101,20030930
12,9,0.75,51.7658,10.6533,Wernigerode-Schierke,Sachsen-Anhalt,O,609.0,19470101,20150422
8,6,0.75,53.9278,10.2993,"Segeberg, Bad",Schleswig-Holstein,N,49.0,19510101,19730630
4,3,0.75,47.6845,9.4409,Friedrichshafen-Unterraderach,Baden-Württemberg,S,459.0,20030101,20150422
8,6,0.75,48.3116,10.3771,Neuburg/Kammel-Langenhaslach,Bayern,S,486.0,19910601,20150422
12,9,0.75,50.7446,9.345,Alsfeld-Eifa,Hessen,W,300.0,19781101,20150422
4,3,0.75,54.0661,12.7675,Tribsees,Mecklenburg-Vorpommern,O,10.0,19910101,20150422
4,3,0.75,49.5314,10.6418,Markt Erlbach-Mosbach,Bayern,S,362.0,20041101,20150422
8,6,0.75,51.1605,14.5037,"Kubschütz, Kr. Bautzen",Sachsen,O,232.0,19450606,20150422
16,12,0.75,53.9701,9.0095,"Helse, Kr. Dithmarschen",Schleswig-Holstein,N,2.0,19510401,20020531
4,3,0.75,50.8282,10.454,Brotterode,Thüringen,O,600.0,19470101,19801231
4,3,0.75,51.3343,8.9132,Twistetal-Mühlhausen,Hessen,W,295.0,19980601,20150422
8,6,0.75,54.0967,13.4056,Greifswald,Mecklenburg-Vorpommern,O,2.0,18980301,20150422
8,6,0.75,49.1646,12.6176,Schorndorf-Knöbling,Bayern,S,399.0,19960501,20150422
4,3,0.75,48.6516,8.6801,Neubulach-Oberhaugstett,Baden-Württemberg,S,570.0,19950401,20150422
4,3,0.75,51.2076,10.3956,Mühlhausen,Thüringen,O,300.0,19950401,20041130
4,3,0.75,50.5049,10.1671,Fladungen-Heufurt,Bayern,S,363.0,19490112,19720430
4,3,0.75,48.1441,11.6,München-Bogenhausen,Bayern,S,521.0,19451101,19531231
16,12,0.75,54.3279,8.603,Sankt Peter-Ording,Schleswig-Holstein,N,5.0,19510101,20150422
4,3,0.75,53.2346,8.4612,Elsfleth,Niedersachsen,N,1.0,19490101,19651231
12,9,0.75,48.5334,10.243,Niederstotzingen,Baden-Württemberg,S,451.0,19510101,19801031
20,15,0.75,50.7371,7.6528,Hilgenroth,Rheinland-Pfalz,W,295.0,19370101,20150422
4,3,0.75,50.5263,12.4091,Rodewisch,Sachsen,O,464.0,19910101,20060131
13,10,0.7692307692307693,49.7522,11.8222,Eschenbach/Oberpfalz,Bayern,S,470.0,19670101,20060430
13,10,0.7692307692307693,51.2131,7.6359,Lüdenscheid (Zeppelin-Gymnasium),Nordrhein-Westfalen,W,444.0,19400101,19951231
13,10,0.7692307692307693,50.662,7.9602,"Marienberg, Bad",Rheinland-Pfalz,W,547.0,19621201,20150422
9,7,0.7777777777777778,51.0314,12.1495,Zeitz,Sachsen-Anhalt,O,170.0,19910101,20150422
9,7,0.7777777777777778,52.4044,13.4838,Berlin-Rudow,Berlin,O,38.0,19590101,19820630
10,8,0.8,53.7123,7.1519,Norderney,Niedersachsen,N,11.0,19470101,20150422
5,4,0.8,51.1294,13.4327,Garsebach bei Meißen,Sachsen,O,157.0,19560601,20150422
5,4,0.8,52.8441,8.0624,Cloppenburg,Niedersachsen,N,42.0,19600101,19710228
5,4,0.8,49.9462,7.2645,Hahn,Rheinland-Pfalz,W,497.0,19981101,20150422
10,8,0.8,48.6582,9.4203,Kirchheim/Teck-Ötlingen,Baden-Württemberg,S,289.0,19510101,19770531
10,8,0.8,53.5332,8.5761,Bremerhaven,Bremen,N,7.0,19490101,20150422
15,12,0.8,51.3933,10.3123,Leinefelde,Thüringen,O,356.0,19570101,20150422
15,12,0.8,53.5732,10.6795,Grambek,Schleswig-Holstein,N,27.0,19510101,20150422
5,4,0.8,50.8444,10.6904,Herrenhof,Thüringen,O,360.0,19910101,20001231
5,4,0.8,52.078,9.552,Salzhemmendorf-Lauenstein,Niedersachsen,N,175.0,19920401,20061231
10,8,0.8,48.6957,8.1744,Bühlertal,Baden-Württemberg,S,190.0,19470101,19860430
5,4,0.8,48.9451,11.3667,Böhming,Bayern,S,379.0,19510301,19661231
5,4,0.8,50.6744,6.4237,Nideggen-Schmidt,Nordrhein-Westfalen,W,350.0,19940101,20150422
5,4,0.8,53.1763,8.1824,Oldenburg,Niedersachsen,N,11.0,19891001,20120930
5,4,0.8,50.688,12.4328,Lichtentanne,Sachsen,O,353.0,19950101,20150422
5,4,0.8,53.5788,6.6703,Borkum-Süderstraße,Niedersachsen,N,12.0,19470101,20060228
11,9,0.8181818181818182,50.5612,10.3771,Meiningen,Thüringen,O,450.0,19790101,20150422
17,14,0.8235294117647058,51.7259,11.1317,Gernrode,Sachsen-Anhalt,O,210.0,19520101,20071231
6,5,0.8333333333333334,51.7643,9.5628,Torfhaus im Solling,Niedersachsen,N,491.0,19370101,19660930
6,5,0.8333333333333334,51.0773,10.8626,Dachwig,Thüringen,O,170.0,19910101,20150422
6,5,0.8333333333333334,51.6243,7.182,Recklinghausen,Nordrhein-Westfalen,W,109.0,19540101,19731231
6,5,0.8333333333333334,48.8765,13.049,Rusel-Irlmoos,Bayern,S,797.0,19530301,19710716
6,5,0.8333333333333334,50.8963,10.5484,Waltershausen,Thüringen,O,348.0,19910101,20150422
6,5,0.8333333333333334,53.1007,11.4864,Lenzen/Elbe,Brandenburg,O,20.0,19941001,20150422
6,5,0.8333333333333334,51.6084,11.4139,Vatterode-Gräfenstuhl,Sachsen-Anhalt,O,240.0,19520101,19801231
6,5,0.8333333333333334,50.9895,6.9779,Köln-Stammheim,Nordrhein-Westfalen,W,43.0,19450101,20150422
6,5,0.8333333333333334,54.0801,13.8989,Zinnowitz,Mecklenburg-Vorpommern,O,2.0,19910101,20040731
6,5,0.8333333333333334,50.9777,12.3432,Starkenberg-Tegkwitz,Thüringen,O,193.0,19941001,20150422
6,5,0.8333333333333334,50.7334,10.8815,Martinroda,Thüringen,O,427.0,19910101,20150422
6,5,0.8333333333333334,48.9359,13.5747,Mauth-Finsterau,Bayern,S,1011.0,19420101,19561231
6,5,0.8333333333333334,52.3411,9.1403,Meerbeck,Niedersachsen,N,60.0,19610101,19781231
19,16,0.8421052631578947,52.3813,13.0622,Potsdam,Brandenburg,O,81.0,18930101,20150422
7,6,0.8571428571428571,52.8318,8.3112,Visbek,Niedersachsen,N,51.0,19590101,19791231
7,6,0.8571428571428571,52.1039,8.1809,"Rothenfelde, Bad",Niedersachsen,N,95.0,19510101,19750831
7,6,0.8571428571428571,53.3837,14.3728,Grambow-Schwennenz,Mecklenburg-Vorpommern,O,50.0,19981001,20150422
7,6,0.8571428571428571,51.838,6.6107,Bocholt (Marienschule),Nordrhein-Westfalen,W,25.0,19540101,19740831
7,6,0.8571428571428571,50.639,10.0228,Tann/Rhön,Hessen,W,395.0,19860101,20150422
7,6,0.8571428571428571,52.6198,12.7867,Berge,Brandenburg,O,40.0,19910101,20150422
16,14,0.875,49.3278,12.0871,Schwandorf,Bayern,S,356.0,19510101,20150422
8,7,0.875,53.3707,7.2236,Emden-Wolthusen,Niedersachsen,N,0.0,19550101,19740228
10,9,0.9,53.9995,11.4341,Kirchdorf/Poel,Mecklenburg-Vorpommern,O,12.0,19550801,20150422
1,1,1.0,52.6425,10.6631,Wittingen-Vorhop,Niedersachsen,N,72.0,20070501,20150422
3,3,1.0,50.843,10.1613,Tiefenort,Thüringen,O,236.0,19910101,19981231
2,2,1.0,51.3629,9.6902,Steinberg,Niedersachsen,N,500.0,19700101,19751231
2,2,1.0,49.1664,8.8523,Eppingen-Elsenz,Baden-Württemberg,S,220.0,20021201,20150422
4,4,1.0,48.5451,13.3531,Fürstenzell,Bayern,S,476.0,19970103,20150422
3,3,1.0,49.3325,9.7039,Ingelfingen-Stachenhausen,Baden-Württemberg,S,385.0,20021201,20150422
4,4,1.0,53.7445,7.4775,Langeoog,Niedersachsen,N,5.0,19510101,19860630
2,2,1.0,48.7696,9.8738,Schwäbisch Gmünd-Weiler,Baden-Württemberg,S,413.0,20021101,20150422
1,1,1.0,51.7904,10.347,Clausthal-Zellerfeld,Niedersachsen,N,585.0,18900101,20120404
2,2,1.0,51.4143,8.6498,Brilon-Thülen,Nordrhein-Westfalen,W,457.0,20040601,20150422
1,1,1.0,51.504,10.2613,Duderstadt,Niedersachsen,N,180.0,19630101,19761231
2,2,1.0,53.0643,7.4814,Papenburg,Niedersachsen,N,7.0,19500101,19561231
2,2,1.0,50.8424,10.2516,Moorgrund Gräfen-Nitzendorf,Thüringen,O,283.0,20041001,20150422
1,1,1.0,49.1782,11.3736,Freystadt-Oberndorf,Bayern,S,436.0,20060101,20150422
2,2,1.0,48.5376,9.2733,Metzingen,Baden-Württemberg,S,355.0,20030101,20150422
3,3,1.0,53.2138,10.4704,Wendisch Evern,Niedersachsen,N,62.0,19980201,20150422
1,1,1.0,52.0111,10.3966,Liebenburg-Othfresen,Niedersachsen,N,187.0,20041101,20150422
1,1,1.0,49.3533,11.5053,Pilsach-Litzlohe,Bayern,S,550.0,20021001,20061231
1,1,1.0,52.0714,8.4568,Bielefeld-Deppendorf,Nordrhein-Westfalen,W,105.0,20060901,20150422
2,2,1.0,54.1049,13.8239,Karlshagen,Mecklenburg-Vorpommern,O,1.0,20040801,20150422
1,1,1.0,48.5734,12.2574,Landshut-Reithof,Bayern,S,490.0,20080401,20150422
1,1,1.0,50.6813,11.515,Krölpa-Rockendorf,Thüringen,O,280.0,20071201,20150422
5,5,1.0,54.7419,9.8791,Lehbek,Schleswig-Holstein,N,9.0,19560301,19741130
1,1,1.0,54.267,13.143,Stralsund-Devin,Mecklenburg-Vorpommern,O,2.0,19981001,20000131
1,1,1.0,51.0507,13.3008,Nossen,Sachsen,O,308.0,19490201,20150422
1,1,1.0,54.175,7.892,Helgoland,Schleswig-Holstein,N,4.0,19520501,20150422
1,1,1.0,49.7645,9.2531,Röllbach,Bayern,S,239.0,20060901,20150422
2,2,1.0,51.2051,7.2,Remscheid,Nordrhein-Westfalen,W,235.0,20041001,20091210
2,2,1.0,48.7351,10.7415,Donauwörth-Osterweiler,Bayern,S,434.0,20050301,20150422
1,1,1.0,48.9318,8.6959,Pforzheim-Ispringen,Baden-Württemberg,S,333.0,20050901,20150422
1,1,1.0,51.7204,8.0577,Beckum-Unterberg,Nordrhein-Westfalen,W,120.0,20040701,20130707
1,1,1.0,51.4634,7.978,Arnsberg-Neheim,Nordrhein-Westfalen,W,159.0,20051001,20150421
2,2,1.0,48.6096,10.2682,Hermaringen-Allewind,Baden-Württemberg,S,468.0,20050901,20150422
4,4,1.0,54.3609,10.6015,Neuland,Schleswig-Holstein,N,4.0,19510101,19761130
1,1,1.0,49.1279,9.3525,Obersulm-Willsbach,Baden-Württemberg,S,230.0,20040701,20150422
1,1,1.0,51.7663,7.5193,Lüdinghausen-Brochtrup,Nordrhein-Westfalen,W,59.0,20040801,20150422
2,2,1.0,50.4383,7.8061,Montabaur,Rheinland-Pfalz,W,265.0,19380101,20150422
2,2,1.0,50.1511,11.698,Horlachen,Bayern,S,582.0,19430101,19640331
1,1,1.0,51.6018,9.5383,Oberweser-Gieselwerder,Hessen,W,125.0,19711201,19750630
1,1,1.0,50.394,8.1423,Runkel-Ennerich,Hessen,W,168.0,20041201,20150422
1,1,1.0,50.0578,10.2974,Schonungen-Mainberg,Bayern,S,304.0,20050301,20150422
1,1,1.0,50.2046,12.1435,Selb/Oberfranken-Lauterbach,Bayern,S,609.0,20070701,20150422
1,1,1.0,53.6409,8.081,Wangerland-Hooksiel,Niedersachsen,N,8.0,19990201,20150422
2,2,1.0,53.8412,13.6846,Anklam,Mecklenburg-Vorpommern,O,9.0,20040901,20150422
1,1,1.0,49.8174,11.8638,Neustadt am Kulm-Filchendorf,Bayern,S,452.0,20080301,20150422
1,1,1.0,49.1804,9.9799,Kirchberg/Jagst-Herboldshausen,Baden-Württemberg,S,426.0,20070522,20150422
1,1,1.0,49.3261,11.012,Schwabach (A),Bayern,S,343.0,19770401,19810731
1,1,1.0,48.5562,10.5599,Dillingen/Donau-Fristingen,Bayern,S,419.0,20061201,20150422
2,2,1.0,47.8774,12.6279,Traunstein-Geißing,Bayern,S,610.0,19610701,19680430
2,2,1.0,49.7636,9.4053,Freudenberg/Main-Boxtal,Baden-Württemberg,S,193.0,20041201,20150422
1,1,1.0,49.662,7.1098,Buhlenberg,Rheinland-Pfalz,W,530.0,19920101,19941031
4,4,1.0,54.2484,13.0418,Steinhagen-Negast,Mecklenburg-Vorpommern,O,16.0,20000801,20150422
2,2,1.0,54.1442,11.8454,"Doberan, Bad-Heiligendamm",Mecklenburg-Vorpommern,O,3.0,19910701,19970831
1,1,1.0,53.9587,10.3293,Klein Rönnau,Schleswig-Holstein,N,40.0,19740901,19810331
1,1,1.0,51.8728,6.8862,Borken in Westfalen,Nordrhein-Westfalen,W,48.0,20040601,20150422
1,1,1.0,50.661,12.0757,Langenwetzendorf-Göttendorf,Thüringen,O,390.0,20061201,20150422
2,2,1.0,50.2766,9.9146,Geroda-Platz,Bayern,S,550.0,19490101,19631231
4,4,1.0,50.5907,12.714,Aue,Sachsen,O,387.0,19770101,20150422
1,1,1.0,51.0179,11.3542,Weimar-Schöndorf,Thüringen,O,325.0,19910101,20150422
1,1,1.0,53.9026,11.4254,Wismar,Mecklenburg-Vorpommern,O,13.0,19470101,19501231
1,1,1.0,51.7259,11.5111,Aschersleben-Mehringen,Sachsen-Anhalt,O,107.0,20060801,20150422
1,1,1.0,54.019,9.9257,Padenstedt (Pony-Park),Schleswig-Holstein,N,17.0,20070901,20150422
1,1,1.0,50.4166,10.8156,Veilsdorf,Thüringen,O,397.0,20070501,20150422
2,2,1.0,53.9897,9.5696,Itzehoe,Schleswig-Holstein,N,21.0,20000601,20150422
