7,3,0.42857142857142855,48.5357,12.1132,Landshut,Bayern,S,393.0,19470111,20080331
10,4,0.4,51.6334,8.3943,Lippstadt-Bökenförde,Nordrhein-Westfalen,W,92.0,19801201,20150422
10,5,0.5,50.5612,10.3771,Meiningen,Thüringen,O,450.0,19790101,20150422
16,7,0.4375,53.7123,7.1519,Norderney,Niedersachsen,N,11.0,19470101,20150422
19,5,0.2631578947368421,48.4254,10.942,Augsburg,Bayern,S,461.0,19470101,20150422
5,2,0.4,51.512,7.5345,Dortmund,Nordrhein-Westfalen,W,120.0,19500101,19990930
10,6,0.6,49.113,13.1342,Großer Arber,Bayern,S,1436.0,19821101,20150422
16,5,0.3125,55.011,8.4125,List auf Sylt,Schleswig-Holstein,N,26.0,19370101,20150422
3,2,0.6666666666666666,51.7954,11.1319,Quedlinburg,Sachsen-Anhalt,O,142.0,19910101,20150422
11,5,0.45454545454545453,52.4675,13.4021,Berlin-Tempelhof,Berlin,O,48.0,19480101,20150422
15,8,0.5333333333333333,49.0851,13.2801,Grosser Falkenstein,Bayern,S,1307.0,19470101,19821031
2,1,0.5,49.5534,6.812,Weiskirchen/Saar,Saarland,W,380.0,19570101,20150422
4,1,0.25,52.8318,8.3112,Visbek,Niedersachsen,N,51.0,19590101,19791231
2,1,0.5,47.9869,7.9466,Stegen,Baden-Württemberg,S,363.0,19851201,19900930
16,7,0.4375,47.9699,9.6672,Aulendorf-Spiegler,Baden-Württemberg,S,560.0,19510101,20041231
24,14,0.5833333333333334,48.1054,8.7549,Klippeneck,Baden-Württemberg,S,973.0,19470101,20150422
5,1,0.2,53.7276,9.9071,Quickborn (Kurzer Kamp),Schleswig-Holstein,N,27.0,19470101,19770630
2,1,0.5,47.8516,8.7673,Engen/Hegau,Baden-Württemberg,S,540.0,19860801,20080923
20,6,0.3,50.6017,8.6439,Gießen/Wettenberg,Hessen,W,203.0,19390101,20150422
16,5,0.3125,51.9,10.5701,"Harzburg, Bad",Niedersachsen,N,201.0,19360101,20150422
4,2,0.5,53.7331,9.8776,Quickborn,Schleswig-Holstein,N,13.0,19741201,20150422
3,1,0.3333333333333333,53.3881,7.2287,Emden,Niedersachsen,N,-0.0,19970701,20150422
1,1,1.0,50.4313,12.6114,Carlsfeld,Sachsen,O,897.0,19950301,20150422
13,8,0.6153846153846154,48.2018,7.9336,Freiamt-Ottoschwanden,Baden-Württemberg,S,481.0,19710501,20031231
20,11,0.55,49.0114,10.9319,Weißenburg-Emetzheim,Bayern,S,439.0,19360101,20150422
7,5,0.7142857142857143,53.3517,8.4969,Brake,Niedersachsen,N,1.0,19660101,19931031
8,5,0.625,51.9119,9.1533,Schieder,Nordrhein-Westfalen,W,155.0,19810101,20071231
9,4,0.4444444444444444,52.8911,11.7297,Seehausen,Sachsen-Anhalt,O,21.0,19761001,20150422
9,5,0.5555555555555556,53.4621,7.467,Aurich,Niedersachsen,N,4.0,19580901,20061231
5,1,0.2,48.4734,9.3028,Eningen,Baden-Württemberg,S,705.0,19760101,19850930
19,7,0.3684210526315789,48.0233,7.8344,Freiburg,Baden-Württemberg,S,236.0,19490501,20150422
1,1,1.0,53.1864,12.4949,Wittstock-Rote Mühle,Brandenburg,O,66.0,19940301,20150422
12,6,0.5,52.9335,8.237,Großenkneten,Niedersachsen,N,44.0,19710301,20150422
8,2,0.25,47.941,11.9,Feldkirchen-Westerham-Lenzmühle,Bayern,S,517.0,19590101,19811231
5,2,0.4,51.652,11.1367,Harzgerode,Sachsen-Anhalt,O,404.0,19470101,20150422
35,14,0.4,50.9251,11.583,Jena (Sternwarte),Thüringen,O,155.0,18240101,20150422
13,7,0.5384615384615384,52.7216,7.7463,Löningen,Niedersachsen,N,22.0,19460101,20150422
5,5,1.0,53.1424,13.0319,Neuglobsow (HM),Brandenburg,O,62.0,19670101,20040930
7,3,0.42857142857142855,51.8218,11.7109,Bernburg/Saale (Nord),Sachsen-Anhalt,O,84.0,19520101,20150422
2,1,0.5,52.4036,7.9724,Bramsche,Niedersachsen,N,58.0,19470101,19520131
4,2,0.5,51.7658,10.6533,Wernigerode-Schierke,Sachsen-Anhalt,O,609.0,19470101,20150422
2,1,0.5,51.3629,9.6902,Steinberg,Niedersachsen,N,500.0,19700101,19751231
6,4,0.6666666666666666,53.8551,9.7152,Brande-Hörnerkirchen,Schleswig-Holstein,N,9.0,19630501,20061231
5,1,0.2,52.6147,10.0727,Celle (Stadt),Niedersachsen,N,38.0,19400101,19781231
17,10,0.5882352941176471,51.128,13.7543,Dresden-Klotzsche,Sachsen,O,227.0,19600101,20150422
19,7,0.3684210526315789,49.9186,7.0664,Bernkastel-Kues,Rheinland-Pfalz,W,120.0,19450101,20121203
7,4,0.5714285714285714,52.5959,10.0296,Celle,Niedersachsen,N,39.0,19790101,20150422
4,1,0.25,51.0221,13.847,Dresden-Hosterwitz,Sachsen,O,114.0,19490101,20150422
12,7,0.5833333333333334,48.0908,7.6353,Vogtsburg-Oberrotweil,Baden-Württemberg,S,223.0,19360101,20031231
12,5,0.4166666666666667,49.2504,12.604,Pemfling-Pitzling,Bayern,S,389.0,19480201,19960430
3,3,1.0,53.8278,9.2486,Freiburg/Elbe,Niedersachsen,N,2.0,19701101,20150422
9,4,0.4444444444444444,51.9044,10.1888,Seesen,Niedersachsen,N,186.0,19370101,20150422
6,4,0.6666666666666666,53.6623,10.199,Ahrensburg-Wulfsdorf,Schleswig-Holstein,N,46.0,19730101,20011231
3,1,0.3333333333333333,49.5353,10.7706,Hagenbüchach,Bayern,S,384.0,19490101,19580731
2,1,0.5,50.8994,14.7456,Bertsdorf-Hörnitz,Sachsen,O,270.0,19470101,20150422
22,14,0.6363636363636364,50.7913,12.872,Chemnitz,Sachsen,O,418.0,19470101,20150422
23,12,0.5217391304347826,49.2178,10.2296,Wörnitz-Bottenweiler,Bayern,S,464.0,19480701,20071231
1,1,1.0,49.1664,8.8523,Eppingen-Elsenz,Baden-Württemberg,S,220.0,20021201,20150422
21,10,0.47619047619047616,51.7234,10.6021,Braunlage,Niedersachsen,N,607.0,19360101,20150422
15,6,0.4,53.5322,7.8806,Jever,Niedersachsen,N,7.0,19400101,20050826
8,2,0.25,50.0103,9.61,Lohr/Main-Steinbach,Bayern,S,161.0,19470101,20051031
5,1,0.2,53.9278,10.2993,"Segeberg, Bad",Schleswig-Holstein,N,49.0,19510101,19730630
4,1,0.25,48.5451,13.3531,Fürstenzell,Bayern,S,476.0,19970103,20150422
2,1,0.5,47.6845,9.4409,Friedrichshafen-Unterraderach,Baden-Württemberg,S,459.0,20030101,20150422
9,6,0.6666666666666666,47.8063,7.6384,Müllheim,Baden-Württemberg,S,273.0,19470101,20150422
9,5,0.5555555555555556,50.3391,6.9501,Nürburg,Rheinland-Pfalz,W,627.0,19470101,19950228
2,1,0.5,49.021,9.6032,Großerlach-Mannenweiler,Baden-Württemberg,S,523.0,20040601,20150422
13,5,0.38461538461538464,49.264,6.6868,Berus,Saarland,W,363.0,19510101,20150422
3,1,0.3333333333333333,52.2744,10.5656,Braunschweig-Gliesmarode,Niedersachsen,N,83.0,19480101,19601231
5,3,0.6,50.3601,6.8697,Nürburg-Barweiler,Rheinland-Pfalz,W,485.0,19950306,20150422
22,13,0.5909090909090909,50.3122,11.8761,Hof,Bayern,S,565.0,19470101,20150422
4,2,0.5,53.7445,7.4775,Langeoog,Niedersachsen,N,5.0,19510101,19860630
24,11,0.4583333333333333,47.8752,12.1279,Rosenheim,Bayern,S,444.0,19500101,20150422
13,8,0.6153846153846154,52.2914,10.4465,Braunschweig,Niedersachsen,N,81.0,19610101,20150422
5,2,0.4,48.3477,11.8133,München-Flughafen,Bayern,S,446.0,19920517,20150422
19,8,0.42105263157894735,51.7904,10.347,Clausthal-Zellerfeld,Niedersachsen,N,585.0,18900101,20120404
2,1,0.5,52.4461,8.5906,Rahden-Kleinendorf,Nordrhein-Westfalen,W,41.0,19510101,20150422
1,1,1.0,52.0654,14.6898,Wellmitz,Brandenburg,O,58.0,19941201,20000131
7,4,0.5714285714285714,53.5316,9.6752,Jork,Niedersachsen,N,1.0,19510101,19901031
1,1,1.0,50.5679,11.8041,Schleiz,Thüringen,O,501.0,19890801,20150422
15,7,0.4666666666666667,50.1969,12.1727,Selb/Oberfranken-Wildenau,Bayern,S,611.0,19410101,20000630
19,9,0.47368421052631576,48.2953,8.2391,Wolfach,Baden-Württemberg,S,291.0,19580101,20150422
3,2,0.6666666666666666,51.4143,8.6498,Brilon-Thülen,Nordrhein-Westfalen,W,457.0,20040601,20150422
4,3,0.75,52.8441,8.0624,Cloppenburg,Niedersachsen,N,42.0,19600101,19710228
2,1,0.5,52.3613,12.3867,Wusterwitz,Brandenburg,O,36.0,20040501,20150422
7,5,0.7142857142857143,54.2989,9.3161,Erfde,Schleswig-Holstein,N,18.0,19640501,20150422
3,2,0.6666666666666666,47.9091,11.1048,Raisting,Bayern,S,553.0,19861101,19990131
13,7,0.5384615384615384,54.5275,9.5486,Schleswig,Schleswig-Holstein,N,43.0,19470101,20150422
13,7,0.5384615384615384,50.3067,10.968,Lautertal-Oberlauter,Bayern,S,345.0,19470101,20150422
10,5,0.5,53.797,9.4295,Glückstadt,Schleswig-Holstein,N,1.0,19480101,20061231
17,10,0.5882352941176471,50.8646,7.1575,Köln-Bonn,Nordrhein-Westfalen,W,92.0,19570901,20150422
25,12,0.48,47.7035,12.0119,Wendelstein,Bayern,S,1832.0,19510101,20120920
22,13,0.5909090909090909,48.4537,8.4091,Freudenstadt,Baden-Württemberg,S,797.0,19490101,20150422
18,8,0.4444444444444444,49.5031,11.0549,Nürnberg,Bayern,S,314.0,19550401,20150422
1,1,1.0,53.3153,13.9338,Grünow,Brandenburg,O,56.0,19730101,20150422
6,1,0.16666666666666666,48.8629,13.067,Hausstein,Bayern,S,648.0,19360101,19750531
18,11,0.6111111111111112,50.9829,10.9608,Erfurt-Weimar,Thüringen,O,316.0,19510101,20150422
22,7,0.3181818181818182,48.8548,12.9187,Metten,Bayern,S,313.0,19410101,20150422
11,2,0.18181818181818182,48.6321,9.3261,Nürtingen,Baden-Württemberg,S,280.0,19550101,19910331
14,8,0.5714285714285714,54.1802,12.0805,Rostock-Warnemünde,Mecklenburg-Vorpommern,O,4.0,19470101,20150422
3,1,0.3333333333333333,49.9462,7.2645,Hahn,Rheinland-Pfalz,W,497.0,19981101,20150422
5,3,0.6,48.2766,9.0001,Albstadt-Onstmettingen,Baden-Württemberg,S,794.0,19781001,19950531
16,7,0.4375,48.6159,13.0506,Aldersbach-Kriestorf,Bayern,S,340.0,19590301,20150422
2,1,0.5,48.3751,8.9801,Hechingen,Baden-Württemberg,S,522.0,19470101,20150422
9,5,0.5555555555555556,50.9104,6.4093,Jülich (Forsch.-Anlage),Nordrhein-Westfalen,W,91.0,19760101,20081231
4,1,0.25,49.7961,7.7583,Schlossböckelheim,Rheinland-Pfalz,W,170.0,19540101,19731231
1,1,1.0,47.8663,12.6566,Traunstein-Sparz,Bayern,S,626.0,19360101,19601231
5,2,0.4,48.3008,13.1398,Ering,Bayern,S,340.0,19670401,19801231
2,1,0.5,52.0006,13.1022,Jüterbog,Brandenburg,O,75.0,19670101,19801231
2,1,0.5,49.1509,11.6897,Parsberg/Oberpfalz-Eglwang,Bayern,S,549.0,19500101,20150422
3,1,0.3333333333333333,53.1288,9.3395,Rotenburg (Wümme),Niedersachsen,N,32.0,19460101,20150422
5,3,0.6,47.8516,12.6182,Traunstein-Axdorf,Bayern,S,635.0,19711001,20040630
2,1,0.5,48.7021,11.8494,Elsendorf-Horneck,Bayern,S,425.0,20050201,20150422
3,2,0.6666666666666666,47.6358,9.5392,Eriskirch-Mariabrunn,Baden-Württemberg,S,408.0,19800801,20021231
15,7,0.4666666666666667,51.296,6.7686,Düsseldorf,Nordrhein-Westfalen,W,37.0,19690701,20150422
6,2,0.3333333333333333,51.3912,11.8785,"Lauchstädt, Bad",Sachsen-Anhalt,O,119.0,19510101,20070430
2,1,0.5,48.5376,9.2733,Metzingen,Baden-Württemberg,S,355.0,20030101,20150422
5,3,0.6,53.5468,13.1914,Neubrandenburg,Mecklenburg-Vorpommern,O,81.0,19760701,20050228
11,5,0.45454545454545453,53.9619,10.8892,Travemünde,Schleswig-Holstein,N,2.0,19400101,20010930
16,8,0.5,51.1998,6.7574,Düsseldorf-Südfriedhof,Nordrhein-Westfalen,W,37.0,19350101,19960731
19,9,0.47368421052631576,49.6497,11.0073,Möhrendorf-Kleinseebach,Bayern,S,268.0,19490101,20150422
17,5,0.29411764705882354,47.6185,12.1666,Kiefersfelden-Gach,Bayern,S,518.0,19470101,20150422
15,6,0.4,48.5779,13.4694,Passau-Oberhaus,Bayern,S,409.0,19480101,19970103
2,2,1.0,51.6184,9.5761,Wahlsburg-Lippoldsberg,Hessen,W,176.0,19510101,20150422
16,6,0.375,50.9198,8.5268,Biedenkopf,Hessen,W,349.0,19450101,20061231
19,8,0.42105263157894735,51.776,14.3168,Cottbus,Brandenburg,O,69.0,18870101,20150422
16,5,0.3125,49.4206,8.6676,Heidelberg,Baden-Württemberg,S,110.0,19350101,20120911
1,1,1.0,50.2841,10.4456,"Königshofen, Bad",Bayern,S,288.0,19510101,20150422
1,1,1.0,49.0984,10.098,Crailsheim-Alexandersreut,Baden-Württemberg,S,423.0,19500101,20031231
10,1,0.1,49.3981,8.7251,Königstuhl,Baden-Württemberg,S,561.0,19360101,19601231
19,10,0.5263157894736842,49.8742,10.9206,Bamberg,Bayern,S,240.0,19490101,20150422
15,5,0.3333333333333333,51.1197,13.6744,Wahnsdorf bei Dresden,Sachsen,O,246.0,19170101,19740630
3,1,0.3333333333333333,49.4192,8.6051,Heidelberg-Grenzhof,Baden-Württemberg,S,110.0,19490101,19581231
16,13,0.8125,51.1803,8.4891,Kahler Asten,Nordrhein-Westfalen,W,839.0,19550101,20150422
5,2,0.4,51.9267,13.8797,Lübben-Blumenfelde,Brandenburg,O,57.0,19911001,20150422
8,2,0.25,49.8847,10.8884,Bamberg (Sternwarte),Bayern,S,282.0,18790101,19581231
22,10,0.45454545454545453,51.1622,14.9506,Görlitz,Sachsen,O,238.0,19470101,20150422
3,2,0.6666666666666666,53.6615,10.2543,Schmalenbeck,Schleswig-Holstein,N,45.0,19610101,19710331
7,3,0.42857142857142855,53.8773,10.6915,Lübeck,Schleswig-Holstein,N,15.0,19500301,19850228
4,2,0.5,48.3116,10.3771,Neuburg/Kammel-Langenhaslach,Bayern,S,486.0,19910601,20150422
9,4,0.4444444444444444,49.4242,7.736,Kaiserslautern,Rheinland-Pfalz,W,285.0,19010101,20150422
5,3,0.6,53.8025,10.6988,Lübeck-Blankensee,Schleswig-Holstein,N,16.0,19850301,20150422
7,3,0.42857142857142855,49.7176,9.0997,Michelstadt-Vielbrunn,Hessen,W,453.0,19871001,20150422
26,12,0.46153846153846156,48.6657,9.8646,Stötten,Baden-Württemberg,S,734.0,19470101,20150422
4,1,0.25,51.6884,11.0394,Friedrichsbrunn,Sachsen-Anhalt,O,523.0,19470101,19721231
9,6,0.6666666666666666,48.6765,10.1307,Heidenheim/Brenz,Baden-Württemberg,S,498.0,19470101,20050430
6,2,0.3333333333333333,52.1039,8.1809,"Rothenfelde, Bad",Niedersachsen,N,95.0,19510101,19750831
1,1,1.0,54.5337,13.246,Trent,Mecklenburg-Vorpommern,O,3.0,19910101,20001231
3,1,0.3333333333333333,53.2279,9.6527,Königsmoor,Niedersachsen,N,40.0,19500101,19601231
9,3,0.3333333333333333,47.6452,9.4795,Friedrichshafen,Baden-Württemberg,S,394.0,19470101,19801130
26,15,0.5769230769230769,47.8009,11.0109,Hohenpeißenberg,Bayern,S,977.0,17810101,20150422
16,8,0.5,50.5346,7.0853,"Neuenahr, Bad-Ahrweiler",Rheinland-Pfalz,W,111.0,19480101,20150422
8,5,0.625,51.8454,10.7686,Wernigerode,Sachsen-Anhalt,O,234.0,19470101,20150422
13,8,0.6153846153846154,47.6777,11.0473,"Kohlgrub, Bad (A)",Bayern,S,850.0,19510101,19910731
15,7,0.4666666666666667,53.0445,8.7985,Bremen,Bremen,N,4.0,18900101,20150422
13,4,0.3076923076923077,53.8713,8.7058,Cuxhaven,Niedersachsen,N,5.0,19460101,20150422
17,6,0.35294117647058826,51.5003,9.9506,Göttingen,Niedersachsen,N,167.0,19470101,20150422
5,2,0.4,48.6707,11.2173,Königsmoos-Untermaxfeld,Bayern,S,378.0,19940401,20081231
15,9,0.6,47.7327,12.6827,Rauschberg bei Ruhpolding,Bayern,S,1640.0,19620701,19980630
13,6,0.46153846153846156,50.1691,7.9949,Heidenrod-Mappershain,Hessen,W,496.0,19520201,19901231
10,6,0.6,52.9724,11.1374,Lüchow,Niedersachsen,N,17.0,19541201,20150422
7,5,0.7142857142857143,53.606,12.1033,Goldberg,Mecklenburg-Vorpommern,O,58.0,19470101,20150422
14,5,0.35714285714285715,47.8062,9.6206,"Weingarten, Kr. Ravensburg",Baden-Württemberg,S,440.0,19460101,20150422
7,4,0.5714285714285714,48.4704,8.9687,Rottenburg-Kiebingen,Baden-Württemberg,S,360.0,19790701,20021031
17,7,0.4117647058823529,51.2131,7.6359,Lüdenscheid (Zeppelin-Gymnasium),Nordrhein-Westfalen,W,444.0,19400101,19951231
7,3,0.42857142857142855,54.665,9.8035,Wagersrott,Schleswig-Holstein,N,40.0,19741201,20150422
3,1,0.3333333333333333,51.1834,10.0638,Eschwege,Hessen,W,170.0,19470901,20150422
11,6,0.5454545454545454,50.5016,6.5262,Kall-Sistig,Nordrhein-Westfalen,W,505.0,19470101,20150422
1,1,1.0,54.0661,12.7675,Tribsees,Mecklenburg-Vorpommern,O,10.0,19910101,20150422
3,1,0.3333333333333333,51.189,8.4671,Altastenberg,Nordrhein-Westfalen,W,780.0,19470101,19541231
2,2,1.0,54.3406,12.7108,Barth,Mecklenburg-Vorpommern,O,3.0,19470101,20150422
6,4,0.6666666666666666,51.2452,7.6425,Lüdenscheid,Nordrhein-Westfalen,W,387.0,19940101,20150422
1,1,1.0,54.5266,9.0425,Hattstedt,Schleswig-Holstein,N,5.0,20050701,20150422
11,2,0.18181818181818182,49.7326,6.6131,Trier-Zewen,Rheinland-Pfalz,W,132.0,19070501,20150422
2,1,0.5,52.0111,10.3966,Liebenburg-Othfresen,Niedersachsen,N,187.0,20041101,20150422
22,12,0.5454545454545454,48.8301,11.4872,Kösching,Bayern,S,417.0,19490101,20150422
9,3,0.3333333333333333,50.2285,9.1064,Mittel-Gründau,Hessen,W,155.0,19740501,19930331
6,2,0.3333333333333333,51.6243,7.182,Recklinghausen,Nordrhein-Westfalen,W,109.0,19540101,19731231
9,6,0.6666666666666666,48.1813,8.6351,Rottweil,Baden-Württemberg,S,588.0,19570201,20150422
18,7,0.3888888888888889,49.7479,6.6582,Trier-Petrisberg,Rheinland-Pfalz,W,265.0,19480101,20150422
8,3,0.375,50.2599,8.3602,Waldems-Reinborn,Hessen,W,380.0,19510101,20150422
13,8,0.6153846153846154,53.5332,8.5761,Bremerhaven,Bremen,N,7.0,19490101,20150422
5,3,0.6,51.1329,11.7252,"Kösen, Bad",Sachsen-Anhalt,O,136.0,19470101,20070331
14,6,0.42857142857142855,51.7694,7.4128,Lüdinghausen,Nordrhein-Westfalen,W,58.0,19500101,19950930
17,6,0.35294117647058826,49.8502,7.871,"Kreuznach, Bad",Rheinland-Pfalz,W,102.0,19470101,20150422
8,5,0.625,50.6546,10.7693,Schmücke,Thüringen,O,937.0,19471101,20150422
12,6,0.5,49.8747,9.4883,Bischbrunn,Bayern,S,412.0,19670801,20061231
20,8,0.4,51.404,6.9676,Essen-Bredeney,Nordrhein-Westfalen,W,150.0,19350101,20150422
9,4,0.4444444444444444,53.0643,7.9022,Friesoythe-Altenoythe,Niedersachsen,N,6.0,19470201,20150422
6,4,0.6666666666666666,54.3146,9.539,Hohn,Schleswig-Holstein,N,10.0,19811001,20150422
8,5,0.625,50.6266,10.1455,Kaltennordheim,Thüringen,O,487.0,19510101,20030331
12,5,0.4166666666666667,53.2657,10.424,Lüneburg,Niedersachsen,N,11.0,19470501,19971231
1,1,1.0,49.5356,6.3804,Perl-Nennig,Saarland,W,152.0,19650101,20150422
20,9,0.45,49.0424,12.1021,Regensburg,Bayern,S,365.0,19470101,20150422
6,3,0.5,47.5776,9.7404,Sigmarszell-Zeisertsweiler,Bayern,S,507.0,19880501,20150422
3,2,0.6666666666666666,48.6493,11.7772,Mainburg,Bayern,S,431.0,19780501,20050131
4,2,0.5,49.7595,12.3891,Silberhütte,Bayern,S,819.0,19470101,19531210
22,11,0.5,49.7703,9.9577,Würzburg,Bayern,S,268.0,19470101,20150422
1,1,1.0,54.3192,9.8052,Ostenfeld (Rendsburg),Schleswig-Holstein,N,14.0,19980601,20150422
10,6,0.6,47.8858,7.6611,Eschbach,Baden-Württemberg,S,234.0,19710501,20041231
6,3,0.5,54.775,8.9808,Leck (A),Schleswig-Holstein,N,5.0,19510101,19750228
11,6,0.5454545454545454,48.2719,13.0273,Simbach/Inn,Bayern,S,360.0,19810101,20150422
12,7,0.5833333333333334,48.9293,13.4641,Waldhäuser (National Park),Bayern,S,940.0,19711201,20031231
22,8,0.36363636363636365,49.509,8.5541,Mannheim,Baden-Württemberg,S,96.0,19360101,20150422
7,4,0.5714285714285714,54.7903,8.9514,Leck,Schleswig-Holstein,N,7.0,19741101,20150422
7,3,0.42857142857142855,47.6652,11.0804,"Kohlgrub, Bad (Rosshof)",Bayern,S,740.0,19910801,20150422
1,1,1.0,53.3837,14.3728,Grambow-Schwennenz,Mecklenburg-Vorpommern,O,50.0,19981001,20150422
5,3,0.6,49.025,8.6991,Bretten,Baden-Württemberg,S,181.0,19831101,20031231
1,1,1.0,54.1049,13.8239,Karlshagen,Mecklenburg-Vorpommern,O,1.0,20040801,20150422
12,4,0.3333333333333333,48.8275,12.5598,Straubing,Bayern,S,350.0,19510101,20150422
1,1,1.0,50.6813,11.515,Krölpa-Rockendorf,Thüringen,O,280.0,20071201,20150422
10,7,0.7,50.1505,6.5526,Hersdorf-Weißenseifen,Rheinland-Pfalz,W,530.0,19610101,20051231
14,9,0.6428571428571429,47.6774,9.1901,Konstanz,Baden-Württemberg,S,443.0,19721101,20150422
5,2,0.4,54.7419,9.8791,Lehbek,Schleswig-Holstein,N,9.0,19560301,19741130
2,1,0.5,49.5314,10.6418,Markt Erlbach-Mosbach,Bayern,S,362.0,20041101,20150422
7,3,0.42857142857142855,50.5002,11.1344,Neuhaus am Rennweg,Thüringen,O,845.0,19890501,20150422
1,1,1.0,51.0507,13.3008,Nossen,Sachsen,O,308.0,19490201,20150422
15,8,0.5333333333333333,54.175,7.892,Helgoland,Schleswig-Holstein,N,4.0,19520501,20150422
9,4,0.4444444444444444,54.5284,11.0605,Fehmarn,Schleswig-Holstein,N,3.0,19480101,20150422
2,1,0.5,53.6128,10.6943,Mölln,Schleswig-Holstein,N,42.0,19750701,19840930
6,5,0.8333333333333334,47.976,8.9101,Neuhausen ob Eck,Baden-Württemberg,S,793.0,19811001,19931130
22,10,0.45454545454545453,49.9667,11.5197,Heinersreuth-Vollhof,Bayern,S,350.0,19470101,20150422
7,4,0.5714285714285714,48.7654,12.5121,Leiblfing,Bayern,S,365.0,19780901,19970630
3,2,0.6666666666666666,51.197,6.4499,Mönchengladbach,Nordrhein-Westfalen,W,49.0,19350101,19530531
1,1,1.0,54.0934,10.2223,Ruhwinkel,Schleswig-Holstein,N,36.0,19880601,19920930
10,2,0.2,48.5198,9.0515,Tübingen,Baden-Württemberg,S,370.0,19500101,19820430
17,10,0.5882352941176471,48.6765,11.2961,Karlshuld,Bayern,S,374.0,19500101,19940331
21,14,0.6666666666666666,51.7986,10.6183,Brocken,Sachsen-Anhalt,O,1134.0,19470911,20150422
11,6,0.5454545454545454,53.9701,9.0095,"Helse, Kr. Dithmarschen",Schleswig-Holstein,N,2.0,19510401,20020531
22,10,0.45454545454545453,49.0382,8.3641,Karlsruhe,Baden-Württemberg,S,112.0,18760101,20081031
10,6,0.6,48.2443,11.5528,Oberschleißheim,Bayern,S,484.0,19760401,20060531
5,2,0.4,51.8539,9.4964,"Bevern, Kr. Holzminden",Niedersachsen,N,110.0,19510101,20150422
16,5,0.3125,48.9059,8.7412,Pforzheim-Eutingen,Baden-Württemberg,S,246.0,19370101,20050831
15,11,0.7333333333333333,51.3933,10.3123,Leinefelde,Thüringen,O,356.0,19570101,20150422
18,10,0.5555555555555556,47.7238,12.874,"Reichenhall, Bad",Bayern,S,470.0,19450101,20061130
2,1,0.5,51.7204,8.0577,Beckum-Unterberg,Nordrhein-Westfalen,W,120.0,20040701,20130707
11,2,0.18181818181818182,50.5335,9.675,Fulda,Hessen,W,255.0,19490101,20110425
14,9,0.6428571428571429,52.1029,11.5827,Magdeburg,Sachsen-Anhalt,O,76.0,19470101,20150422
11,6,0.5454545454545454,50.7119,6.791,Weilerswist-Lommersum,Nordrhein-Westfalen,W,146.0,19370101,20150422
4,2,0.5,50.8924,9.4053,Neukirchen-Hauptschwenda,Hessen,W,500.0,19470101,20150422
4,2,0.5,47.9344,9.2869,Pfullendorf,Baden-Württemberg,S,630.0,19580101,20150422
11,2,0.18181818181818182,48.7693,9.1814,Stuttgart-Stadt,Baden-Württemberg,S,286.0,19510101,19840731
6,2,0.3333333333333333,48.0083,8.8179,Tuttlingen,Baden-Württemberg,S,649.0,19910201,20031231
6,3,0.5,51.3151,12.4462,Leipzig-Holzhausen,Sachsen,O,138.0,19510101,20150422
10,4,0.4,48.8282,9.2,Stuttgart (Schnarrenberg),Baden-Württemberg,S,314.0,19580101,20150422
3,3,1.0,47.9552,8.7565,Tuttlingen-Möhringen,Baden-Württemberg,S,675.0,19810601,19901231
1,1,1.0,53.6893,13.242,Altentreptow,Mecklenburg-Vorpommern,O,33.0,19910101,20061231
16,7,0.4375,49.5617,8.9679,Beerfelden,Hessen,W,450.0,19370101,20150422
28,10,0.35714285714285715,47.3986,10.276,Oberstdorf,Bayern,S,806.0,19360101,20150422
1,1,1.0,51.4634,7.978,Arnsberg-Neheim,Nordrhein-Westfalen,W,159.0,20051001,20150421
2,1,0.5,51.088,12.9328,Geringswalde-Altgeringswalde,Sachsen,O,296.0,20041101,20150422
5,2,0.4,48.6883,9.2235,Stuttgart-Echterdingen,Baden-Württemberg,S,371.0,19530101,20150422
10,5,0.5,51.2963,9.4424,Kassel,Hessen,W,231.0,19510101,20131031
14,7,0.5,51.4348,12.2396,Leipzig/Halle,Sachsen,O,131.0,19720501,20150422
6,5,0.8333333333333334,54.3609,10.6015,Neuland,Schleswig-Holstein,N,4.0,19510101,19761130
11,6,0.5454545454545454,54.6928,8.5271,Wrixum/Föhr,Schleswig-Holstein,N,8.0,18870701,20030630
13,5,0.38461538461538464,48.7137,9.2092,Stuttgart-Hohenheim,Baden-Württemberg,S,401.0,19000101,19770630
2,1,0.5,51.3343,8.9132,Twistetal-Mühlhausen,Hessen,W,295.0,19980601,20150422
2,1,0.5,50.0355,7.3048,Blankenrath,Rheinland-Pfalz,W,417.0,19470101,20150422
2,1,0.5,48.7893,13.6291,Grainet-Rehberg,Bayern,S,628.0,19570501,20150422
1,1,1.0,48.2635,12.276,Obertaufkirchen,Bayern,S,455.0,19360701,19581231
3,3,1.0,53.5732,10.6795,Grambek,Schleswig-Holstein,N,27.0,19510101,20150422
19,7,0.3684210526315789,49.2128,7.1077,Saarbrücken-Ensheim,Saarland,W,320.0,19510101,20150422
7,4,0.5714285714285714,54.0873,9.9791,Neumünster,Schleswig-Holstein,N,26.0,19360101,20070831
2,1,0.5,51.7663,7.5193,Lüdinghausen-Brochtrup,Nordrhein-Westfalen,W,59.0,20040801,20150422
2,1,0.5,50.308,9.7835,"Brückenau, Bad (A)",Bayern,S,310.0,19690501,19840831
17,8,0.47058823529411764,47.7713,9.1562,Überlingen/Bodensee,Baden-Württemberg,S,446.0,19460101,20031231
3,1,0.3333333333333333,47.8827,11.1576,Wielenbach (Demollstr.),Bayern,S,550.0,19990201,20150422
11,4,0.36363636363636365,49.2231,7.0168,Saarbrücken-Sankt Johann,Saarland,W,193.0,19480101,20010331
1,1,1.0,50.8446,7.3714,Neunkirchen-Seelscheid-Krawinkel,Nordrhein-Westfalen,W,195.0,19920901,20150422
16,5,0.3125,47.6752,12.4696,Reit im Winkl,Bayern,S,685.0,19450101,20150422
1,1,1.0,53.7444,14.0697,Ueckermünde,Mecklenburg-Vorpommern,O,1.0,19470101,20150422
3,1,0.3333333333333333,48.0916,10.8609,Kaufering,Bayern,S,585.0,19680101,20081231
12,7,0.5833333333333334,52.5129,11.3941,Gardelegen,Sachsen-Anhalt,O,47.0,19470101,20150422
2,1,0.5,51.6018,9.5383,Oberweser-Gieselwerder,Hessen,W,125.0,19711201,19750630
2,1,0.5,50.394,8.1423,Runkel-Ennerich,Hessen,W,168.0,20041201,20150422
15,8,0.5333333333333333,52.9604,9.7931,Soltau,Niedersachsen,N,76.0,19470721,20150422
2,1,0.5,52.9664,13.3268,Zehdenick,Brandenburg,O,51.0,19480701,20150422
21,10,0.47619047619047616,47.8749,8.0038,Feldberg/Schwarzwald,Baden-Württemberg,S,1490.0,19450101,20150422
12,7,0.5833333333333334,50.4819,12.13,Plauen,Sachsen,O,386.0,19470101,20150422
9,5,0.5555555555555556,52.9413,10.5287,Uelzen,Niedersachsen,N,50.0,19510101,20150422
1,1,1.0,52.1207,12.4585,Wiesenburg,Brandenburg,O,187.0,19860601,20150422
20,8,0.4,52.1264,8.6865,Herford,Nordrhein-Westfalen,W,77.0,19360101,20071231
2,1,0.5,50.0578,10.2974,Schonungen-Mainberg,Bayern,S,304.0,20050301,20150422
3,1,0.3333333333333333,50.4135,7.5886,Bendorf,Rheinland-Pfalz,W,127.0,19900101,20110901
2,1,0.5,51.352,10.9059,Sondershausen,Thüringen,O,216.0,19470101,20101231
10,5,0.5,48.6136,8.2034,Hornisgrinde,Baden-Württemberg,S,1119.0,19530101,20050831
10,5,0.5,48.5396,9.5275,Lenningen-Schopfloch,Baden-Württemberg,S,758.0,19470801,20020131
6,5,0.8333333333333334,53.5196,12.6654,Waren (Müritz),Mecklenburg-Vorpommern,O,73.0,19470101,20150422
12,6,0.5,49.7272,8.116,Alzey,Rheinland-Pfalz,W,215.0,19510101,20150422
21,11,0.5238095238095238,47.4831,11.0623,Garmisch-Partenkirchen,Bayern,S,719.0,19360101,20150422
7,3,0.42857142857142855,49.4689,11.8547,Amberg-Unterammersricht,Bayern,S,383.0,19470101,20150421
3,2,0.6666666666666666,53.1007,11.4864,Lenzen/Elbe,Brandenburg,O,20.0,19941001,20150422
13,7,0.5384615384615384,52.9037,12.8072,Neuruppin,Brandenburg,O,38.0,19610101,20150422
5,3,0.6,50.03,11.8074,Ochsenkopf,Bayern,S,1014.0,19590901,19820930
9,6,0.6666666666666666,50.3746,11.1828,Sonneberg-Neufang,Thüringen,O,626.0,19510101,20080630
6,2,0.3333333333333333,51.838,6.6107,Bocholt (Marienschule),Nordrhein-Westfalen,W,25.0,19540101,19740831
17,8,0.47058823529411764,49.7619,7.0541,Deuselbach,Rheinland-Pfalz,W,481.0,19500801,20150422
5,2,0.4,48.0197,12.2924,Amerang-Pfaffing,Bayern,S,515.0,19940101,20150422
13,7,0.5384615384615384,51.8293,6.5365,Bocholt-Liedern (Wasserwerk),Nordrhein-Westfalen,W,23.0,19470101,20060228
8,4,0.5,48.7832,13.3145,Saldenburg-Entschenreuth,Bayern,S,456.0,19850901,20150422
13,3,0.23076923076923078,51.4789,7.2697,Bochum,Nordrhein-Westfalen,W,101.0,19400101,20150422
22,8,0.36363636363636365,49.5181,9.3214,"Buchen, Kr. Neckar-Odenwald",Baden-Württemberg,S,340.0,19350101,20150422
15,8,0.5333333333333333,50.1015,6.8009,Manderscheid-Sonnenhof,Rheinland-Pfalz,W,413.0,19611101,20150422
11,5,0.45454545454545453,54.159,10.402,Plön (See),Schleswig-Holstein,N,24.0,19500101,19970131
16,7,0.4375,48.3837,9.9524,Ulm,Baden-Württemberg,S,567.0,19440101,20140831
5,3,0.6,47.9624,7.998,Buchenbach,Baden-Württemberg,S,445.0,19901001,20150422
5,4,0.8,54.0967,13.4056,Greifswald,Mecklenburg-Vorpommern,O,2.0,18980301,20150422
7,2,0.2857142857142857,51.5138,11.9499,Halle-Kröllwitz,Sachsen-Anhalt,O,93.0,19510101,20150322
23,17,0.7391304347826086,50.4283,12.9535,Fichtelberg,Sachsen,O,1213.0,19470101,20150422
3,3,1.0,52.5468,14.5452,Manschnow,Brandenburg,O,12.0,19850101,20150422
3,1,0.3333333333333333,49.2247,10.6084,Weidenbach-Weiherschneidbach,Bayern,S,455.0,19990701,20150422
21,11,0.5238095238095238,47.7233,10.3348,Kempten,Bayern,S,705.0,19520101,20150422
4,1,0.25,53.3552,9.9355,Buchholz in der Nordheide,Niedersachsen,N,77.0,19760601,20040531
14,4,0.2857142857142857,48.6018,11.6769,Hüll,Bayern,S,438.0,19360101,19780430
2,1,0.5,48.7425,8.924,Renningen-Ihinger Hof,Baden-Württemberg,S,478.0,20040701,20150422
15,6,0.4,50.4927,9.1228,Schotten,Hessen,W,265.0,19490101,20150422
12,5,0.4166666666666667,48.251,10.4163,Krumbach-Edenhausen,Bayern,S,520.0,19510101,19901031
21,10,0.47619047619047616,49.207,9.5175,Öhringen,Baden-Württemberg,S,276.0,19470101,20150422
2,1,0.5,48.6516,8.6801,Neubulach-Oberhaugstett,Baden-Württemberg,S,570.0,19950401,20150422
7,3,0.42857142857142855,52.5881,8.3424,Diepholz,Niedersachsen,N,39.0,19520901,20150422
9,5,0.5555555555555556,51.0607,9.9266,Sontra,Hessen,W,265.0,19610101,20150422
14,9,0.6428571428571429,53.0316,13.9907,Angermünde,Brandenburg,O,54.0,19470101,20150422
5,3,0.6,54.3761,10.1433,Kiel-Holtenau,Schleswig-Holstein,N,27.0,19860601,20150422
6,2,0.3333333333333333,50.8492,8.7746,"Cölbe, Kr. Marburg-Biedenkopf",Hessen,W,182.0,19460101,20150422
1,1,1.0,52.0355,10.3054,Salzgitter-Ringelheim,Niedersachsen,N,138.0,19650101,19991231
10,1,0.1,54.3378,10.0929,Kiel-Kronshagen,Schleswig-Holstein,N,17.0,19400101,19880930
10,4,0.4,51.2801,9.9849,"Sooden-Allendorf, Bad",Hessen,W,199.0,19510101,19801231
5,3,0.6,52.1346,7.6964,Münster/Osnabrück,Nordrhein-Westfalen,W,48.0,19891001,20150422
20,10,0.5,48.2791,12.5024,Mühldorf,Bayern,S,406.0,19530101,20150422
1,1,1.0,53.8412,13.6846,Anklam,Mecklenburg-Vorpommern,O,9.0,20040901,20150422
11,6,0.5454545454545454,50.662,7.9602,"Marienberg, Bad",Rheinland-Pfalz,W,547.0,19621201,20150422
14,7,0.5,50.9895,6.9779,Köln-Stammheim,Nordrhein-Westfalen,W,43.0,19450101,20150422
11,5,0.45454545454545453,51.1056,9.1081,"Wildungen, Bad",Hessen,W,310.0,19470101,20010331
6,2,0.3333333333333333,50.573,13.0053,Annaberg-Buchholz,Sachsen,O,630.0,19470101,19661231
9,4,0.4444444444444444,52.2817,9.0889,Bückeburg,Niedersachsen,N,68.0,19790101,20150422
16,8,0.5,48.6703,7.9939,Rheinau-Memprechtshofen,Baden-Württemberg,S,131.0,19580101,20150422
17,7,0.4117647058823529,50.8519,9.7378,"Hersfeld, Bad",Hessen,W,272.0,19490101,20150422
20,8,0.4,52.1042,8.7521,"Salzuflen, Bad",Nordrhein-Westfalen,W,135.0,19350101,20150422
10,8,0.8,51.8369,10.4312,Schulenberg,Niedersachsen,N,504.0,19690601,19970331
19,13,0.6842105263157895,50.4973,9.9428,Wasserkuppe,Hessen,W,921.0,19360101,20150422
11,2,0.18181818181818182,51.8189,9.8871,Einbeck,Niedersachsen,N,123.0,19510101,19891130
14,3,0.21428571428571427,53.4793,10.2415,Hamburg-Bergedorf,Hamburg,N,35.0,19120101,19620930
6,2,0.3333333333333333,54.4752,9.0564,Husum,Schleswig-Holstein,N,3.0,18910101,19740630
9,4,0.4444444444444444,49.2964,10.5751,Ansbach,Bayern,S,413.0,19520101,19760430
17,6,0.35294117647058826,53.6332,9.9881,Hamburg-Fuhlsbüttel,Hamburg,N,11.0,18910101,20150422
11,4,0.36363636363636365,49.357,8.1405,Neustadt/Weinstraße,Rheinland-Pfalz,W,163.0,19510101,19821231
2,1,0.5,49.4778,11.5355,Pommelsbrunn-Mittelburg,Bayern,S,522.0,19930901,20150422
22,9,0.4090909090909091,47.5627,7.7936,Rheinfelden,Baden-Württemberg,S,287.0,19530901,20141231
12,8,0.6666666666666666,52.5176,14.1232,Müncheberg,Brandenburg,O,63.0,19490101,20150422
9,3,0.3333333333333333,49.3478,8.1822,Neustadt/Weinstraße (Heidehof),Rheinland-Pfalz,W,125.0,19760101,20021031
11,6,0.5454545454545454,50.0946,8.7546,Offenbach/M. (Stadt),Hessen,W,110.0,19571101,19951031
13,5,0.38461538461538464,49.107,7.9967,"Bergzabern, Bad",Rheinland-Pfalz,W,252.0,19470101,20150422
6,5,0.8333333333333334,53.3585,13.0502,Neustrelitz,Mecklenburg-Vorpommern,O,64.0,19470101,19760630
12,3,0.25,48.9726,8.3302,Rheinstetten,Baden-Württemberg,S,116.0,19480101,20150422
3,2,0.6666666666666666,54.8086,9.4182,Flensburg,Schleswig-Holstein,N,45.0,19850701,20061231
2,1,0.5,50.7313,8.2622,Dillenburg,Hessen,W,314.0,19470801,20150422
7,3,0.42857142857142855,54.7737,9.3752,Flensburg (Schäferhaus),Schleswig-Holstein,N,41.0,19570101,19850630
9,5,0.5555555555555556,48.1631,11.5429,München-Stadt,Bayern,S,515.0,19540601,20150422
10,8,0.8,50.7314,13.7516,Zinnwald-Georgenfeld,Sachsen,O,877.0,19710101,20150422
20,5,0.25,49.9859,7.9549,Geisenheim,Hessen,W,110.0,19350101,20150422
3,1,0.3333333333333333,51.5029,11.5705,Eisleben-Helfta,Sachsen-Anhalt,O,146.0,19470101,20010531
2,1,0.5,49.0817,9.6868,Schwäbisch Hall-Bibersfeld,Baden-Württemberg,S,349.0,19830401,20010731
16,8,0.5,54.6792,13.4343,Arkona,Mecklenburg-Vorpommern,O,42.0,19470101,20150422
10,6,0.6,48.5126,12.1513,Kumhausen,Bayern,S,436.0,19660901,19920831
3,3,1.0,48.3667,11.8,Schwaigermoos,Bayern,S,444.0,19700401,19790531
4,3,0.75,50.9383,14.2093,Lichtenhain-Mittelndorf,Sachsen,O,321.0,19940601,20150422
15,8,0.5333333333333333,48.166,11.5011,München-Nymphenburg,Bayern,S,515.0,19550101,19990331
7,3,0.42857142857142855,49.5933,11.0704,Uttenreuth,Bayern,S,291.0,19711101,20061231
9,7,0.7777777777777778,51.3773,8.0713,Arnsberg,Nordrhein-Westfalen,W,218.0,19470101,19980930
3,3,1.0,51.0454,8.3851,"Berleburg, Bad",Nordrhein-Westfalen,W,445.0,19730701,19861130
10,6,0.6,53.5468,9.9664,Hamburg-Sankt Pauli,Hamburg,N,35.0,19560101,20000229
36,15,0.4166666666666667,52.3813,13.0622,Potsdam,Brandenburg,O,81.0,18930101,20150422
3,1,0.3333333333333333,50.7041,10.8576,Elgersburg,Thüringen,O,518.0,19470101,19740831
4,2,0.5,48.0419,7.632,Ihringen,Baden-Württemberg,S,193.0,19900601,20031231
2,1,0.5,48.1479,9.4596,"Altheim, Kreis Biberach",Baden-Württemberg,S,533.0,20040801,20150422
4,3,0.75,50.9837,8.3679,"Berleburg, Bad-Stünzel",Nordrhein-Westfalen,W,610.0,19861201,20150422
2,1,0.5,51.4943,6.2463,Geldern-Walbeck,Nordrhein-Westfalen,W,37.0,19631001,20150422
4,2,0.5,53.5853,10.1293,Hamburg-Wandsbek,Hamburg,N,18.0,19510101,20061231
16,4,0.25,48.1369,11.7094,München-Riem,Bayern,S,529.0,19400101,19920516
8,3,0.375,53.1018,8.2516,Oldenburg (A),Niedersachsen,N,5.0,19470101,19890930
11,6,0.5454545454545454,53.3911,10.6878,Boizenburg,Mecklenburg-Vorpommern,O,45.0,19470101,20150422
5,4,0.8,53.1763,8.1824,Oldenburg,Niedersachsen,N,11.0,19891001,20120930
43,20,0.46511627906976744,47.4209,10.9847,Zugspitze,Bayern,S,2964.0,19000801,20150422
10,6,0.6,54.3279,8.603,Sankt Peter-Ording,Schleswig-Holstein,N,5.0,19510101,20150422
12,6,0.5,54.0028,11.1908,Boltenhagen,Mecklenburg-Vorpommern,O,15.0,19470101,20150422
6,1,0.16666666666666666,48.7726,8.7287,"Liebenzell, Bad (LUBW)",Baden-Württemberg,S,352.0,19470101,19601231
1,1,1.0,53.3223,11.9319,Marnitz,Mecklenburg-Vorpommern,O,81.0,19470101,20150422
19,11,0.5789473684210527,48.9895,10.1312,Ellwangen-Rindelbach,Baden-Württemberg,S,460.0,19410101,20150422
19,10,0.5263157894736842,50.2241,10.0792,"Kissingen, Bad",Bayern,S,282.0,19460101,20150422
20,11,0.55,49.6663,12.1845,Weiden,Bayern,S,440.0,19470101,20150422
15,6,0.4,51.3745,11.292,Artern,Thüringen,O,164.0,19540101,20150422
10,3,0.3,50.7055,7.1467,Bonn-Friesdorf,Nordrhein-Westfalen,W,62.0,19321001,19990301
7,4,0.5714285714285714,52.6309,13.5022,Berlin-Buch,Berlin,O,60.0,19610101,20150422
11,7,0.6363636363636364,51.6451,13.5747,Doberlug-Kirchhain,Brandenburg,O,97.0,19480701,20150422
15,7,0.4666666666666667,50.2218,8.4469,Kleiner Feldberg/Taunus,Hessen,W,826.0,19360101,20150422
6,1,0.16666666666666666,48.0674,7.677,Liliental,Baden-Württemberg,S,284.0,19650101,19900531
7,2,0.2857142857142857,51.6334,8.1872,"Sassendorf, Bad-Ostinghausen",Nordrhein-Westfalen,W,81.0,19500101,19800630
10,3,0.3,48.3851,9.4837,Münsingen-Apfelstetten,Baden-Württemberg,S,750.0,19460101,20150422
23,13,0.5652173913043478,49.0007,13.2137,Zwieselberg,Bayern,S,615.0,19480101,20030930
22,8,0.36363636363636365,50.7827,6.0941,Aachen,Nordrhein-Westfalen,W,202.0,18910101,20110331
17,9,0.5294117647058824,52.4578,13.3101,Berlin-Dahlem (FU),Berlin,O,51.0,19500101,20150422
1,1,1.0,50.0616,9.455,Frammersbach,Bayern,S,260.0,19650401,19801031
4,4,1.0,54.0714,12.3238,Groß Lüsewitz,Mecklenburg-Vorpommern,O,34.0,19670101,20150422
11,5,0.45454545454545453,50.4116,8.0605,Limburg/Lahn-Offheim,Hessen,W,185.0,19490101,19990630
5,3,0.6,50.7334,10.8815,Martinroda,Thüringen,O,427.0,19910101,20150422
17,4,0.23529411764705882,51.9494,7.5906,Münster,Nordrhein-Westfalen,W,62.0,18910101,19911231
23,8,0.34782608695652173,48.4025,11.6946,Weihenstephan-Dürnast,Bayern,S,477.0,19310101,20150422
4,2,0.5,50.6444,11.1933,Schwarzburg,Thüringen,O,277.0,19910101,20150422
3,1,0.3333333333333333,49.4111,8.398,Limburgerhof,Rheinland-Pfalz,W,96.0,19470101,19551231
12,7,0.5833333333333334,53.761,12.5574,Teterow,Mecklenburg-Vorpommern,O,38.0,19470101,20150422
3,1,0.3333333333333333,52.404,13.7309,Berlin-Kaniswall,Berlin,O,33.0,19960601,20150422
4,1,0.25,48.9359,13.5747,Mauth-Finsterau,Bayern,S,1011.0,19420101,19561231
9,5,0.5555555555555556,51.296,13.0928,Oschatz,Sachsen,O,150.0,19780101,20150422
7,4,0.5714285714285714,49.9195,8.9671,Schaafheim-Schlierbach,Hessen,W,155.0,19791201,20150422
22,13,0.5909090909090909,50.8813,12.1289,Gera-Leumnitz,Thüringen,O,311.0,19520101,20150422
5,2,0.4,48.3647,7.828,Lahr,Baden-Württemberg,S,155.0,19500101,20150422
11,8,0.7272727272727273,52.6711,9.2229,Nienburg,Niedersachsen,N,25.0,19470101,20150422
2,1,0.5,48.2012,8.1089,Elzach-Fisnacht,Baden-Württemberg,S,440.0,19871101,20150422
19,11,0.5789473684210527,52.4644,9.6779,Hannover,Niedersachsen,N,55.0,19360101,20150422
9,5,0.5555555555555556,48.5121,9.7645,Merklingen,Baden-Württemberg,S,685.0,19490101,20150422
1,1,1.0,53.2758,8.9857,Worpswede-Hüttenbusch,Niedersachsen,N,7.0,19520101,20150422
19,10,0.5263157894736842,52.2085,14.118,Lindenberg,Brandenburg,O,98.0,19060401,20150422
15,8,0.5333333333333333,52.2553,8.0534,Osnabrück,Niedersachsen,N,95.0,19520201,20101130
3,1,0.3333333333333333,47.8774,11.3642,Attenkam,Bayern,S,672.0,19710401,20150422
5,1,0.2,52.4144,13.3036,Berlin-Lichterfelde (Süd),Berlin,O,43.0,19360101,19561031
7,3,0.42857142857142855,48.1644,12.0307,Mittbach,Bayern,S,621.0,19590101,19771231
10,4,0.4,48.1877,11.2206,Puch,Bayern,S,550.0,19510101,19830831
14,8,0.5714285714285714,53.5788,6.6703,Borkum-Süderstraße,Niedersachsen,N,12.0,19470101,20060228
9,4,0.4444444444444444,53.3449,7.1909,Emden-Nesserland,Niedersachsen,N,5.0,19470101,19970630
4,3,0.75,49.7611,8.4876,Gernsheim,Hessen,W,90.0,19560101,20051231
3,1,0.3333333333333333,50.9744,11.308,Weimar,Thüringen,O,264.0,19510101,20070630
18,9,0.5,50.026,8.5215,Frankfurt/Main,Hessen,W,100.0,19490101,20150422
2,1,0.5,48.5515,11.7117,Au i.d.Hallertau-Günzenhausen,Bayern,S,483.0,19850801,19900531
2,1,0.5,53.3707,7.2236,Emden-Wolthusen,Niedersachsen,N,0.0,19550101,19740228
13,4,0.3076923076923077,48.8254,10.5066,Reimlingen,Bayern,S,435.0,19470101,20150422
1,1,1.0,50.5907,12.714,Aue,Sachsen,O,387.0,19770101,20150422
1,1,1.0,51.3768,7.7644,Iserlohn-Westig,Nordrhein-Westfalen,W,230.0,19380101,19780630
5,3,0.6,50.5263,12.4091,Rodewisch,Sachsen,O,464.0,19910101,20060131
17,12,0.7058823529411765,52.5181,7.3081,Lingen,Niedersachsen,N,22.0,19510101,20150422
6,4,0.6666666666666666,54.3643,13.477,Putbus,Mecklenburg-Vorpommern,O,40.0,19470101,20150422
1,1,1.0,51.0179,11.3542,Weimar-Schöndorf,Thüringen,O,325.0,19910101,20150422
1,1,1.0,47.7724,12.9073,Piding,Bayern,S,458.0,20061201,20150422
10,2,0.2,50.1213,8.6601,Frankfurt/Main (Feldbergstr.),Hessen,W,109.0,18700101,19611130
1,1,1.0,48.9729,9.5708,Murrhardt,Baden-Württemberg,S,344.0,19510101,20040531
3,1,0.3333333333333333,49.4864,7.029,Schaumberg-Tholey,Saarland,W,569.0,19510101,19651231
16,10,0.625,53.6425,11.3872,Schwerin,Mecklenburg-Vorpommern,O,59.0,18900101,20150422
5,2,0.4,52.6198,12.7867,Berge,Brandenburg,O,40.0,19910101,20150422
4,4,1.0,52.3397,14.508,Frankfurt/Oder,Brandenburg,O,65.0,19470101,19841231
2,1,0.5,51.5662,14.6989,"Muskau, Bad",Sachsen,O,125.0,19480401,20150422
16,7,0.4375,49.3758,8.1213,Weinbiet,Rheinland-Pfalz,W,553.0,19530101,20150422
5,2,0.4,52.3807,13.5306,Berlin-Schönefeld,Brandenburg,O,46.0,19670101,20150422
5,3,0.6,51.5554,13.8846,Klettwitz,Brandenburg,O,128.0,19960701,20150422
19,8,0.42105263157894735,51.7855,8.8388,"Lippspringe, Bad",Nordrhein-Westfalen,W,157.0,19510101,20150422
1,1,1.0,53.9897,9.5696,Itzehoe,Schleswig-Holstein,N,21.0,20000601,20150422
10,6,0.6,51.7612,6.0954,Kleve,Nordrhein-Westfalen,W,46.0,19471111,20150422
7,3,0.42857142857142855,54.5166,9.142,Schwesing,Schleswig-Holstein,N,37.0,19740701,19991130
7,4,0.5714285714285714,49.4738,7.0386,Tholey,Saarland,W,386.0,19750601,20150422
6,4,0.6666666666666666,49.1512,9.292,Weinsberg,Baden-Württemberg,S,219.0,19530101,19840630
17,9,0.5294117647058824,51.8892,12.6445,Wittenberg,Sachsen-Anhalt,O,105.0,19470101,20150422
7,4,0.5714285714285714,52.5644,13.3088,Berlin-Tegel,Berlin,O,36.0,19630101,20150422
