1,19370101,19860630,478.0,47.8413,8.8493,Aach,Baden-Württemberg,S
3,18910101,20110331,202.0,50.7827,6.0941,Aachen,Nordrhein-Westfalen,W
44,19710301,20150422,44.0,52.9335,8.237,Großenkneten,Niedersachsen,N
52,19730101,20011231,46.0,53.6623,10.199,Ahrensburg-Wulfsdorf,Schleswig-Holstein,N
61,19750701,19780831,339.0,48.8443,12.6171,Aiterhofen,Bayern,S
70,19730601,19860930,712.0,48.2052,9.0371,Albstadt-Ebingen,Baden-Württemberg,S
71,19861101,20150422,759.0,48.2155,8.9784,Albstadt-Badkap,Baden-Württemberg,S
72,19781001,19950531,794.0,48.2766,9.0001,Albstadt-Onstmettingen,Baden-Württemberg,S
73,19590301,20150422,340.0,48.6159,13.0506,Aldersbach-Kriestorf,Bayern,S
78,19610101,20150422,65.0,52.485,7.9119,Alfhausen,Niedersachsen,N
91,19781101,20150422,300.0,50.7446,9.345,Alsfeld-Eifa,Hessen,W
93,19771201,19781031,269.0,50.7691,9.2542,Alsfeld-Reibertenrod,Hessen,W
98,19470101,19541231,780.0,51.189,8.4671,Altastenberg,Nordrhein-Westfalen,W
102,19980101,20150129,32.0,53.8617,8.1266,Leuchtturm Alte Weser,Niedersachsen,N
125,20000702,20150422,756.0,47.8342,10.8667,Altenstadt,Bayern,S
129,19910101,20061231,33.0,53.6893,13.242,Altentreptow,Mecklenburg-Vorpommern,O
131,20041101,20150422,296.0,51.088,12.9328,Geringswalde-Altgeringswalde,Sachsen,O
132,19531211,19870930,750.0,49.7725,12.3891,Altglashütte,Bayern,S
142,19550101,20150422,510.0,48.4059,11.3117,Altomünster-Maisbrunn,Bayern,S
150,19510101,20150422,215.0,49.7272,8.116,Alzey,Rheinland-Pfalz,W
151,19470101,20150421,383.0,49.4689,11.8547,Amberg-Unterammersricht,Bayern,S
154,19940101,20150422,515.0,48.0197,12.2924,Amerang-Pfaffing,Bayern,S
157,19410101,19701231,630.0,47.903,11.345,Ammerland,Bayern,S
161,20110901,20150422,75.0,50.4238,7.4203,Andernach,Rheinland-Pfalz,W
164,19470101,20150422,54.0,53.0316,13.9907,Angermünde,Brandenburg,O
167,20040901,20150422,9.0,53.8412,13.6846,Anklam,Mecklenburg-Vorpommern,O
169,19470101,19661231,630.0,50.573,13.0053,Annaberg-Buchholz,Sachsen,O
172,19690501,19911130,395.0,52.2486,9.5056,Annaturm,Niedersachsen,N
174,19840301,19871231,250.0,49.1886,7.9766,Annweiler-Bindersbach,Rheinland-Pfalz,W
175,19520101,19760430,413.0,49.2964,10.5751,Ansbach,Bayern,S
177,19470501,19571031,418.0,49.3158,10.5815,Ansbach-Hennenbach,Bayern,S
183,19470101,20150422,42.0,54.6792,13.4343,Arkona,Mecklenburg-Vorpommern,O
184,19470101,19660630,55.0,52.6769,12.0077,Arneburg,Sachsen-Anhalt,O
185,19460101,19571231,3.0,54.6289,9.9294,Arnis,Schleswig-Holstein,N
186,19470101,19980930,218.0,51.3773,8.0713,Arnsberg,Nordrhein-Westfalen,W
191,19860401,20150422,220.0,49.9695,9.9113,Arnstein-Müdesheim,Bayern,S
193,19680101,19971031,232.0,51.3845,9.082,Arolsen-Neu Berich,Hessen,W
198,19540101,20150422,164.0,51.3745,11.292,Artern,Thüringen,O
202,19470101,19511231,110.0,49.9778,9.1114,Aschaffenburg,Bayern,S
207,19470101,19641231,105.0,51.7498,11.4667,Aschersleben,Sachsen-Anhalt,O
211,19810901,19991231,200.0,50.5799,8.4682,Aßlar Klein-Altenstädten,Hessen,W
217,19710401,20150422,672.0,47.8774,11.3642,Attenkam,Bayern,S
221,19850801,19900531,483.0,48.5515,11.7117,Au i.d.Hallertau-Günzenhausen,Bayern,S
222,19770101,20150422,387.0,50.5907,12.714,Aue,Sachsen,O
231,19010101,19740430,490.0,48.3723,10.8948,Augsburg (Sankt Stephan),Bayern,S
232,19470101,20150422,461.0,48.4254,10.942,Augsburg,Bayern,S
238,19510101,20041231,560.0,47.9699,9.6672,Aulendorf-Spiegler,Baden-Württemberg,S
243,19580901,20061231,4.0,53.4621,7.467,Aurich,Niedersachsen,N
257,19490101,20150422,240.0,48.727,8.2458,Baden-Baden-Geroldsau,Baden-Württemberg,S
259,19470101,20150422,273.0,47.8063,7.6384,Müllheim,Baden-Württemberg,S
268,19540101,19961231,622.0,48.5293,8.2727,Baiersbronn-Obertal,Baden-Württemberg,S
273,19861201,19900430,467.0,47.8413,9.6606,Baindt,Baden-Württemberg,S
282,19490101,20150422,240.0,49.8742,10.9206,Bamberg,Bayern,S
283,19480101,19591231,382.0,49.8808,10.8695,Bamberg-Altenburg,Bayern,S
284,18790101,19581231,282.0,49.8847,10.8884,Bamberg (Sternwarte),Bayern,S
288,19910101,19980831,3.0,53.8409,13.7549,Bargischow-Gnevezin,Mecklenburg-Vorpommern,O
294,19920201,20150422,110.0,52.3198,9.4299,Barsinghausen-Hohenbostel,Niedersachsen,N
298,19470101,20150422,3.0,54.3406,12.7108,Barth,Mecklenburg-Vorpommern,O
303,19980101,20150422,55.0,52.0614,13.4996,Baruth,Brandenburg,O
314,19450606,20150422,232.0,51.1605,14.5037,"Kubschütz, Kr. Bautzen",Sachsen,O
320,19470101,20150422,350.0,49.9667,11.5197,Heinersreuth-Vollhof,Bayern,S
326,20040701,20130707,120.0,51.7204,8.0577,Beckum-Unterberg,Nordrhein-Westfalen,W
327,19620901,19961031,27.0,53.6234,8.8323,Bederkesa,Niedersachsen,N
330,19370101,20150422,450.0,49.5617,8.9679,Beerfelden,Hessen,W
335,19761201,19771031,4.0,54.3426,10.6018,Behrensdorf,Schleswig-Holstein,N
342,20101201,20150422,103.0,52.317,8.1693,Belm,Niedersachsen,N
348,19900101,20110901,127.0,50.4135,7.5886,Bendorf,Rheinland-Pfalz,W
355,19470101,19891031,140.0,49.6789,8.6276,Bensheim,Hessen,W
361,19480101,19981231,550.0,47.6344,13.0109,Berchtesgaden (KKst),Bayern,S
365,19911001,20020930,421.0,49.3311,11.4303,Berg/Oberpfalz,Bayern,S
368,20000701,20150422,70.0,52.8152,9.9248,Bergen,Niedersachsen,N
377,19470101,20150422,252.0,49.107,7.9967,"Bergzabern, Bad",Rheinland-Pfalz,W
386,19730701,19861130,445.0,51.0454,8.3851,"Berleburg, Bad",Nordrhein-Westfalen,W
390,19861201,20150422,610.0,50.9837,8.3679,"Berleburg, Bad-Stünzel",Nordrhein-Westfalen,W
399,19810101,20150422,37.0,52.5205,13.4105,Berlin-Alexanderplatz,Berlin,O
400,19610101,20150422,60.0,52.6309,13.5022,Berlin-Buch,Berlin,O
402,18760101,19621231,55.0,52.4564,13.2997,Berlin-Dahlem (LFAG),Berlin,O
403,19500101,20150422,51.0,52.4578,13.3101,Berlin-Dahlem (FU),Berlin,O
410,19960601,20150422,33.0,52.404,13.7309,Berlin-Kaniswall,Berlin,O
416,19820701,19960930,47.0,52.4069,13.4127,Berlin-Lichtenrade,Berlin,O
417,19360101,19561031,43.0,52.4144,13.3036,Berlin-Lichterfelde (Süd),Berlin,O
420,19930501,20150422,60.0,52.5447,13.5598,Berlin-Marzahn,Berlin,O
422,19560101,19641231,35.0,52.5333,13.3833,Berlin-Mitte,Berlin,O
425,19590101,19820630,38.0,52.4044,13.4838,Berlin-Rudow,Berlin,O
427,19670101,20150422,46.0,52.3807,13.5306,Berlin-Schönefeld,Brandenburg,O
429,19861001,19870131,32.0,52.5667,13.1694,Berlin-Spandau,Berlin,O
430,19630101,20150422,36.0,52.5644,13.3088,Berlin-Tegel,Berlin,O
432,19780401,19941231,36.0,52.6044,13.2952,Berlin-Tegeler Fliesstal,Berlin,O
433,19480101,20150422,48.0,52.4675,13.4021,Berlin-Tempelhof,Berlin,O
434,19470101,19601231,35.0,52.4553,13.4699,Berlin-Treptow,Berlin,O
435,19640101,20061231,45.0,52.4289,13.2327,Berlin-Zehlendorf,Berlin,O
445,19520101,20150422,84.0,51.8218,11.7109,Bernburg/Saale (Nord),Sachsen-Anhalt,O
450,19450101,20121203,120.0,49.9186,7.0664,Bernkastel-Kues,Rheinland-Pfalz,W
460,19510101,20150422,363.0,49.264,6.6868,Berus,Saarland,W
474,19590101,19860930,599.0,48.1252,9.7639,Warthausen-Birkenhard,Baden-Württemberg,S
480,19450101,20061231,349.0,50.9198,8.5268,Biedenkopf,Hessen,W
502,19670801,20061231,412.0,49.8747,9.4883,Bischbrunn,Bayern,S
526,19510101,19751231,254.0,50.6738,11.2805,"Blankenburg, Bad",Thüringen,O
535,19470101,20150422,417.0,50.0355,7.3048,Blankenrath,Rheinland-Pfalz,W
550,19940501,20020930,344.0,50.9041,11.7985,Bobeck,Thüringen,O
553,19540101,19740831,25.0,51.838,6.6107,Bocholt (Marienschule),Nordrhein-Westfalen,W
554,19470101,20060228,23.0,51.8293,6.5365,Bocholt-Liedern (Wasserwerk),Nordrhein-Westfalen,W
555,19400101,20150422,101.0,51.4789,7.2697,Bochum,Nordrhein-Westfalen,W
576,19870801,20031231,445.0,48.6759,8.9732,Böblingen,Baden-Württemberg,S
578,19510301,19661231,379.0,48.9451,11.3667,Böhming,Bayern,S
588,19920501,19960731,105.0,51.752,9.3953,Boffzen,Niedersachsen,N
591,19470101,20150422,45.0,53.3911,10.6878,Boizenburg,Mecklenburg-Vorpommern,O
592,19460101,19621231,10.0,53.8634,9.7344,Bokel,Schleswig-Holstein,N
596,19470101,20150422,15.0,54.0028,11.1908,Boltenhagen,Mecklenburg-Vorpommern,O
598,19490101,19570831,62.0,50.7285,7.0839,Bonn,Nordrhein-Westfalen,W
599,19321001,19990301,62.0,50.7055,7.1467,Bonn-Friesdorf,Nordrhein-Westfalen,W
601,20001101,20031031,158.0,50.6983,7.0356,Bonn-Hardthöhe,Nordrhein-Westfalen,W
603,20000701,20150422,159.0,50.7349,7.1931,Bonn-Roleber,Nordrhein-Westfalen,W
606,19500101,19540731,569.0,48.0791,10.1977,Boos,Bayern,S
614,19510101,20071231,240.0,51.5709,9.312,Borgentreich-Bühne,Nordrhein-Westfalen,W
617,20040601,20150422,48.0,51.8728,6.8862,Borken in Westfalen,Nordrhein-Westfalen,W
619,19470101,20060228,12.0,53.5788,6.6703,Borkum-Süderstraße,Niedersachsen,N
642,19660101,19931031,1.0,53.3517,8.4969,Brake,Niedersachsen,N
643,19931101,19941231,0.0,53.296,8.4529,Brake-Süderfeld,Niedersachsen,N
645,19470101,19520131,58.0,52.4036,7.9724,Bramsche,Niedersachsen,N
648,19630501,20061231,9.0,53.8551,9.7152,Brande-Hörnerkirchen,Schleswig-Holstein,N
650,19480701,20010430,35.0,52.4136,12.5503,Brandenburg-Görden,Brandenburg,O
652,19490101,19580731,384.0,49.5353,10.7706,Hagenbüchach,Bayern,S
656,19360101,20150422,607.0,51.7234,10.6021,Braunlage,Niedersachsen,N
660,19480101,19601231,83.0,52.2744,10.5656,Braunschweig-Gliesmarode,Niedersachsen,N
661,18910101,19531231,75.0,52.2708,10.5334,Braunschweig (T.H.),Niedersachsen,N
662,19610101,20150422,81.0,52.2914,10.4465,Braunschweig,Niedersachsen,N
685,19980112,20061101,585.0,49.9017,9.4281,Breitsol,Bayern,S
691,18900101,20150422,4.0,53.0445,8.7985,Bremen,Bremen,N
699,19490101,19580630,4.0,53.1004,8.7834,Bremen-Seefahrtschule,Bremen,N
701,19490101,20150422,7.0,53.5332,8.5761,Bremerhaven,Bremen,N
702,19480101,19611231,8.0,53.5876,8.6015,Bremerhaven-Speckenbüttel,Bremen,N
703,19370101,19850531,5.0,53.4779,9.1553,Bremervörde (A),Niedersachsen,N
704,19980101,20150422,10.0,53.4451,9.139,Bremervörde,Niedersachsen,N
705,19850601,20061231,5.0,53.5312,9.1664,Bremervörde-Niederochtenhausen,Niedersachsen,N
706,19710501,20041231,234.0,47.8858,7.6611,Eschbach,Baden-Württemberg,S
710,19831101,20031231,181.0,49.025,8.6991,Bretten,Baden-Württemberg,S
717,19370101,20040630,443.0,51.3873,8.5737,Brilon,Nordrhein-Westfalen,W
722,19470911,20150422,1134.0,51.7986,10.6183,Brocken,Sachsen-Anhalt,O
727,19580101,19861231,290.0,49.7345,8.9557,Brombachtal-Kirch-Brombach,Hessen,W
729,19470101,19801231,600.0,50.8282,10.454,Brotterode,Thüringen,O
736,19470101,19991231,390.0,49.6303,7.1148,Brücken,Rheinland-Pfalz,W
738,19690501,19840831,310.0,50.308,9.7835,"Brückenau, Bad (A)",Bayern,S
755,19350101,20150422,340.0,49.5181,9.3214,"Buchen, Kr. Neckar-Odenwald",Baden-Württemberg,S
757,19901001,20150422,445.0,47.9624,7.998,Buchenbach,Baden-Württemberg,S
760,19760601,20040531,77.0,53.3552,9.9355,Buchholz in der Nordheide,Niedersachsen,N
766,20000701,20150422,477.0,50.1746,7.0595,Büchel (Flugplatz),Rheinland-Pfalz,W
769,19790101,20150422,68.0,52.2817,9.0889,Bückeburg,Niedersachsen,N
771,19470101,19551231,148.0,50.2769,9.1167,Büdingen,Hessen,W
772,19470101,19860430,190.0,48.6957,8.1744,Bühlertal,Baden-Württemberg,S
773,19860501,20041231,478.0,48.6743,8.1799,Bühlertal-Obertal,Baden-Württemberg,S
793,19920101,19941031,530.0,49.662,7.1098,Buhlenberg,Rheinland-Pfalz,W
807,19410101,20061231,290.0,49.745,10.6434,Schlüsselfeld (Kläranlage),Bayern,S
817,19521001,20150422,293.0,51.0306,8.8146,Burgwald-Bottendorf,Hessen,W
833,19910101,20010430,615.0,50.6897,13.4969,Neuhausen/Erzgeb.-Rauschenbach (Talsp.),Sachsen,O
840,19950301,20150422,897.0,50.4313,12.6114,Carlsfeld,Sachsen,O
848,19400101,19781231,38.0,52.6147,10.0727,Celle (Stadt),Niedersachsen,N
850,19790101,20150422,39.0,52.5959,10.0296,Celle,Niedersachsen,N
851,19480201,19960430,389.0,49.2504,12.604,Pemfling-Pitzling,Bayern,S
853,19470101,20150422,418.0,50.7913,12.872,Chemnitz,Sachsen,O
856,19980101,20150422,551.0,47.8843,12.5404,Chieming,Bayern,S
863,18900101,20120404,585.0,51.7904,10.347,Clausthal-Zellerfeld,Niedersachsen,N
865,19600101,19710228,42.0,52.8441,8.0624,Cloppenburg,Niedersachsen,N
867,19470101,20150422,345.0,50.3067,10.968,Lautertal-Oberlauter,Bayern,S
879,20000701,20030331,68.0,51.7667,14.2833,Cottbus (Flugplatz),Brandenburg,O
880,18870101,20150422,69.0,51.776,14.3168,Cottbus,Brandenburg,O
881,19500101,20031231,423.0,49.0984,10.098,Crailsheim-Alexandersreut,Baden-Württemberg,S
888,19650101,19911216,269.0,50.8149,12.3821,Crimmitschau,Sachsen,O
891,19460101,20150422,5.0,53.8713,8.7058,Cuxhaven,Niedersachsen,N
896,19910101,20150422,170.0,51.0773,10.8626,Dachwig,Thüringen,O
917,19950801,20150422,162.0,49.8809,8.6779,Darmstadt,Hessen,W
918,19871001,19950731,122.0,49.8453,8.624,Darmstadt (A),Hessen,W
919,19370203,19740731,169.0,49.8697,8.6796,Darmstadt-Botanischer Garten,Hessen,W
931,19890801,20031231,708.0,47.8007,9.4108,Deggenhausertal-Azenweiler,Baden-Württemberg,S
948,19470101,19501231,60.0,51.8512,12.2515,Dessau,Sachsen-Anhalt,O
953,19500801,20150422,481.0,49.7619,7.0541,Deuselbach,Rheinland-Pfalz,W
954,19980101,20150422,0.0,54.1667,7.45,UFS Deutsche Bucht,Hamburg,N
963,19520901,20150422,39.0,52.5881,8.3424,Diepholz,Niedersachsen,N
964,19520101,19621231,413.0,50.0832,6.8904,Dierfeld,Rheinland-Pfalz,W
965,19510101,19751231,100.0,51.2401,13.4166,Diesbar-Seußlitz,Sachsen,O
970,19850401,19990630,405.0,49.4158,10.6734,Dietenhofen,Bayern,S
979,19470801,20150422,314.0,50.7313,8.2622,Dillenburg,Hessen,W
982,19470501,20061130,420.0,48.5701,10.4985,Dillingen/Donau,Bayern,S
983,20061201,20150422,419.0,48.5562,10.5599,Dillingen/Donau-Fristingen,Bayern,S
991,19910101,20150422,365.0,50.9169,13.713,Dippoldiswalde-Reinberg,Sachsen,O
1000,19910701,19970831,3.0,54.1442,11.8454,"Doberan, Bad-Heiligendamm",Mecklenburg-Vorpommern,O
1001,19480701,20150422,97.0,51.6451,13.5747,Doberlug-Kirchhain,Brandenburg,O
1006,19471101,19610930,15.0,53.1399,11.2544,Dömitz,Mecklenburg-Vorpommern,O
1018,19510101,20041231,677.0,47.9422,8.5046,Donaueschingen,Baden-Württemberg,S
1032,19500101,19990930,120.0,51.512,7.5345,Dortmund,Nordrhein-Westfalen,W
1048,19600101,20150422,227.0,51.128,13.7543,Dresden-Klotzsche,Sachsen,O
1050,19490101,20150422,114.0,51.0221,13.847,Dresden-Hosterwitz,Sachsen,O
1051,19670101,20150422,119.0,51.024,13.7737,Dresden-Strehlen,Sachsen,O
1052,19930501,20150422,80.0,52.2172,12.1635,Drewitz bei Burg,Sachsen-Anhalt,O
1066,19630101,19761231,180.0,51.504,10.2613,Duderstadt,Niedersachsen,N
1072,19520101,20150422,107.0,49.4719,8.1929,"Dürkheim, Bad",Rheinland-Pfalz,W
1073,19360101,19521231,115.0,49.4686,8.1797,"Dürkheim, Bad (Saline)",Rheinland-Pfalz,W
1074,19470401,19730228,103.0,51.3043,12.081,"Dürrenberg, Bad",Sachsen-Anhalt,O
1078,19690701,20150422,37.0,51.296,6.7686,Düsseldorf,Nordrhein-Westfalen,W
1079,19350101,19960731,37.0,51.1998,6.7574,Düsseldorf-Südfriedhof,Nordrhein-Westfalen,W
1084,19940501,20070531,31.0,51.394,6.7026,Duisburg-Friemersheim,Nordrhein-Westfalen,W
1087,19510101,19931231,21.0,51.4634,6.7321,Duisburg-Laar,Nordrhein-Westfalen,W
1091,19910101,20071231,258.0,51.2806,10.7362,Ebeleben,Thüringen,O
1093,19510101,20051031,131.0,49.46,8.9584,Eberbach (LUBW),Baden-Württemberg,S
1102,19871101,20021231,300.0,48.7201,9.5328,Ebersbach/Fils,Baden-Württemberg,S
1103,19780101,20150422,592.0,48.1002,11.9872,Ebersberg-Halbing,Bayern,S
1106,19470101,19501231,45.0,52.8239,13.7979,Eberswalde,Brandenburg,O
1107,19630101,20150422,346.0,49.852,10.499,Ebrach,Bayern,S
1130,20000701,20050131,17.0,54.6282,9.3648,Eggebek,Schleswig-Holstein,N
1146,19850701,19870731,487.0,48.6593,8.9121,Ehningen,Baden-Württemberg,S
1154,19450101,19660930,470.0,48.3416,12.882,Eiberg,Bayern,S
1161,19550101,20150422,384.0,48.8779,11.2347,Eichstätt-Landershofen,Bayern,S
1169,19760201,19990930,264.0,47.6288,7.5959,Eimeldingen,Baden-Württemberg,S
1172,19510101,19891130,123.0,51.8189,9.8871,Einbeck,Niedersachsen,N
1182,19470101,20010531,146.0,51.5029,11.5705,Eisleben-Helfta,Sachsen-Anhalt,O
1185,20010319,20021117,0.0,54.0,8.1167,UFS Elbe 1,Hamburg,N
1188,19470101,19740831,518.0,50.7041,10.8576,Elgersburg,Thüringen,O
1197,19410101,20150422,460.0,48.9895,10.1312,Ellwangen-Rindelbach,Baden-Württemberg,S
1200,19980101,20150422,3.0,54.0691,9.0106,Elpersbüttel,Schleswig-Holstein,N
1201,19470701,20001231,85.0,50.9281,6.5646,Elsdorf/Erftkreis,Nordrhein-Westfalen,W
1204,19490101,19651231,1.0,53.2346,8.4612,Elsfleth,Niedersachsen,N
1207,19480601,20150422,560.0,50.2707,12.2738,"Elster, Bad-Sohl",Sachsen,O
1214,19871101,20150422,440.0,48.2012,8.1089,Elzach-Fisnacht,Baden-Württemberg,S
1219,19470101,19970630,5.0,53.3449,7.1909,Emden-Nesserland,Niedersachsen,N
1221,19550101,19740228,0.0,53.3707,7.2236,Emden-Wolthusen,Niedersachsen,N
1224,19751101,20150422,201.0,48.1378,7.8351,Emmendingen-Mundingen,Baden-Württemberg,S
1228,20000701,20150422,0.0,54.1651,6.346,UFS TW Ems,Hamburg,N
1229,19470101,19970331,90.0,50.3324,7.6975,"Ems, Bad",Rheinland-Pfalz,W
1238,19510101,19960930,144.0,50.9884,7.425,Engelskirchen,Nordrhein-Westfalen,W
1239,19860801,20080923,540.0,47.8516,8.7673,Engen/Hegau,Baden-Württemberg,S
1243,19760101,19850930,705.0,48.4734,9.3028,Eningen,Baden-Württemberg,S
1254,19470701,20021130,210.0,49.1307,8.9165,Eppingen,Baden-Württemberg,S
1255,20021201,20150422,220.0,49.1664,8.8523,Eppingen-Elsenz,Baden-Württemberg,S
1262,19920517,20150422,446.0,48.3477,11.8133,München-Flughafen,Bayern,S
1266,19640501,20150422,18.0,54.2989,9.3161,Erfde,Schleswig-Holstein,N
1270,19510101,20150422,316.0,50.9829,10.9608,Erfurt-Weimar,Thüringen,O
1275,19670401,19801231,340.0,48.3008,13.1398,Ering,Bayern,S
1276,19800801,20021231,408.0,47.6358,9.5392,Eriskirch-Mariabrunn,Baden-Württemberg,S
1279,19490101,20150422,268.0,49.6497,11.0073,Möhrendorf-Kleinseebach,Bayern,S
1280,19470401,19531231,280.0,49.5692,10.9929,Erlangen-Bruck,Bayern,S
1287,19911201,20060831,198.0,49.8589,9.2861,Eschau-Hobbach,Bayern,S
1292,19670101,20060430,470.0,49.7522,11.8222,Eschenbach/Oberpfalz,Bayern,S
1297,19470901,20150422,170.0,51.1834,10.0638,Eschwege,Hessen,W
1299,19790901,19991031,3.0,53.6476,7.6085,Esens,Niedersachsen,N
1300,19380101,20150422,351.0,51.254,8.1563,Eslohe,Nordrhein-Westfalen,W
1303,19350101,20150422,150.0,51.404,6.9676,Essen-Bredeney,Nordrhein-Westfalen,W
1327,19370101,20150422,146.0,50.7119,6.791,Weilerswist-Lommersum,Nordrhein-Westfalen,W
1329,19360101,20031231,50.0,54.134,10.5865,Eutin,Schleswig-Holstein,N
1332,19660701,20150422,472.0,48.4832,12.724,"Falkenberg,Kr.Rottal-Inn",Bayern,S
1339,20000701,20150422,73.0,52.9157,10.1885,Faßberg,Niedersachsen,N
1341,20081201,20110928,0.0,54.6,11.15,Fehmarnbelt,Schleswig-Holstein,N
1345,19470301,19621231,92.0,53.3346,13.4371,Feldberg,Mecklenburg-Vorpommern,O
1346,19450101,20150422,1490.0,47.8749,8.0038,Feldberg/Schwarzwald,Baden-Württemberg,S
1357,19480101,20150422,657.0,49.9807,11.8376,Fichtelberg/Oberfranken-Hüttstadl,Bayern,S
1358,19470101,20150422,1213.0,50.4283,12.9535,Fichtelberg,Sachsen,O
1374,19490112,19720430,363.0,50.5049,10.1671,Fladungen-Heufurt,Bayern,S
1378,19850701,20061231,45.0,54.8086,9.4182,Flensburg,Schleswig-Holstein,N
1379,19570101,19850630,41.0,54.7737,9.3752,Flensburg (Schäferhaus),Schleswig-Holstein,N
1380,19410101,19561231,19.0,54.8147,9.458,Flensburg-Mürwik,Schleswig-Holstein,N
1392,19871001,20061231,622.0,49.7317,12.3491,Flossenbürg,Bayern,S
1403,19650401,19801031,260.0,50.0616,9.455,Frammersbach,Bayern,S
1410,19910101,19970331,130.0,51.3512,11.0958,"Frankenhausen/Kyffhäuser, Bad",Thüringen,O
1411,19910101,20150422,745.0,50.5309,10.048,Birx/Rhön,Thüringen,O
1420,19490101,20150422,100.0,50.026,8.5215,Frankfurt/Main,Hessen,W
1421,19611201,19840831,125.0,50.1474,8.6746,Frankfurt/Main (Stadt),Hessen,W
1424,19851101,20150422,124.0,50.1269,8.6694,Frankfurt/Main-Westend,Hessen,W
1425,18700101,19611130,109.0,50.1213,8.6601,Frankfurt/Main (Feldbergstr.),Hessen,W
1426,19470101,19841231,65.0,52.3397,14.508,Frankfurt/Oder,Brandenburg,O
1428,19480101,19571231,230.0,49.2275,8.0585,Frankweiler,Rheinland-Pfalz,W
1440,19710501,20031231,481.0,48.2018,7.9336,Freiamt-Ottoschwanden,Baden-Württemberg,S
1441,19470101,19930430,416.0,50.9263,13.2711,Freiberg,Sachsen,O
1443,19490501,20150422,236.0,48.0233,7.8344,Freiburg,Baden-Württemberg,S
1447,19470101,19850630,255.0,48.013,7.8588,Freiburg im Breisgau-Herdern,Baden-Württemberg,S
1451,19701101,20150422,2.0,53.8278,9.2486,Freiburg/Elbe,Niedersachsen,N
1468,19490101,20150422,797.0,48.4537,8.4091,Freudenstadt,Baden-Württemberg,S
1473,20060101,20150422,436.0,49.1782,11.3736,Freystadt-Oberndorf,Bayern,S
1488,19470101,19721231,523.0,51.6884,11.0394,Friedrichsbrunn,Sachsen-Anhalt,O
1490,19470101,19801130,394.0,47.6452,9.4795,Friedrichshafen,Baden-Württemberg,S
1492,19580101,20031231,852.0,47.7819,7.7348,Malsburg-Marzell-Friedrichsheim,Baden-Württemberg,S
1503,19470201,20150422,6.0,53.0643,7.9022,Friesoythe-Altenoythe,Niedersachsen,N
1504,20000701,20150422,172.0,51.119,9.2799,Fritzlar (Flugplatz),Hessen,W
1513,19470101,19621130,653.0,50.6588,8.1027,Fuchskauten,Rheinland-Pfalz,W
1515,20000702,20030915,519.0,48.2,11.2667,Fürstenfeldbruck,Bayern,S
1522,19470601,19550331,313.0,49.4811,10.964,Fürth/Bayern (A),Bayern,S
1526,19490101,20110425,255.0,50.5335,9.675,Fulda,Hessen,W
1544,19470101,20150422,47.0,52.5129,11.3941,Gardelegen,Sachsen-Anhalt,O
1550,19360101,20150422,719.0,47.4831,11.0623,Garmisch-Partenkirchen,Bayern,S
1552,19951101,19960430,13.0,53.2066,14.3817,Gartz/Oder,Brandenburg,O
1580,19350101,20150422,110.0,49.9859,7.9549,Geisenheim,Hessen,W
1584,20090601,20150422,672.0,47.9241,8.6471,Geisingen,Baden-Württemberg,S
1586,19610701,19680430,610.0,47.8774,12.6279,Traunstein-Geißing,Bayern,S
1587,19980101,20150422,536.0,48.9481,11.4289,Gelbelsee,Bayern,S
1590,19631001,20150422,37.0,51.4943,6.2463,Geldern-Walbeck,Nordrhein-Westfalen,W
1593,19350101,19740430,190.0,50.2027,9.1989,Gelnhausen,Hessen,W
1602,19700101,20150422,176.0,48.4329,7.9931,Ohlsbach,Baden-Württemberg,S
1605,19810101,20150422,35.0,52.3875,12.1601,Genthin,Sachsen-Anhalt,O
1612,19520101,20150422,311.0,50.8813,12.1289,Gera-Leumnitz,Thüringen,O
1617,19520101,20071231,210.0,51.7259,11.1317,Gernrode,Sachsen-Anhalt,O
1619,19560101,20051231,90.0,49.7611,8.4876,Gernsheim,Hessen,W
1621,19490101,19631231,550.0,50.2766,9.9146,Geroda-Platz,Bayern,S
1638,19490101,19840430,158.0,50.591,8.6551,Gießen (Lahntal),Hessen,W
1639,19390101,20150422,203.0,50.6017,8.6439,Gießen/Wettenberg,Hessen,W
1645,19490101,20150422,340.0,50.9656,9.05,Gilserberg-Moischeid,Hessen,W
1666,19930301,20150422,27.0,54.8273,9.5057,Glücksburg-Meierwik,Schleswig-Holstein,N
1667,19480101,20061231,1.0,53.797,9.4295,Glückstadt,Schleswig-Holstein,N
1684,19470101,20150422,238.0,51.1622,14.9506,Görlitz,Sachsen,O
1689,19360101,20040630,443.0,49.7656,11.3061,Gößweinstein,Bayern,S
1691,19470101,20150422,167.0,51.5003,9.9506,Göttingen,Niedersachsen,N
1694,19470101,20150422,58.0,53.606,12.1033,Goldberg,Mecklenburg-Vorpommern,O
1721,19910101,20150422,506.0,49.6639,11.2239,Gräfenberg-Kasberg,Bayern,S
1735,19570501,20150422,628.0,48.7893,13.6291,Grainet-Rehberg,Bayern,S
1736,19510101,20150422,27.0,53.5732,10.6795,Grambek,Schleswig-Holstein,N
1748,19360101,20050331,608.0,50.4788,9.262,Grebenhain-Herchenhain,Hessen,W
1757,18980301,20150422,2.0,54.0967,13.4056,Greifswald,Mecklenburg-Vorpommern,O
1759,19470801,20150422,12.0,54.2437,13.9102,Greifswalder Oie,Mecklenburg-Vorpommern,O
1762,19910101,20061231,270.0,50.6249,12.1777,Greiz-Dölau,Thüringen,O
1766,19891001,20150422,48.0,52.1346,7.6964,Münster/Osnabrück,Nordrhein-Westfalen,W
1803,19670101,20150422,34.0,54.0714,12.3238,Groß Lüsewitz,Mecklenburg-Vorpommern,O
1832,19821101,20150422,1436.0,49.113,13.1342,Großer Arber,Bayern,S
1833,19470101,19821031,1307.0,49.0851,13.2801,Grosser Falkenstein,Bayern,S
1844,19590101,19811231,517.0,47.941,11.9,Feldkirchen-Westerham-Lenzmühle,Bayern,S
1863,19950301,20150422,258.0,50.2663,9.1878,Gründau-Breitenborn,Hessen,W
1869,19730101,20150422,56.0,53.3153,13.9338,Grünow,Brandenburg,O
1875,19510101,20021231,492.0,48.9354,9.7364,"Gschwend, Kr. Ostalb",Baden-Württemberg,S
1891,19380101,20020331,72.0,51.8875,8.3543,Gütersloh,Nordrhein-Westfalen,W
1920,19780601,20071231,100.0,51.4129,7.4895,Hagen-Fley,Nordrhein-Westfalen,W
1957,19510101,20150322,93.0,51.5138,11.9499,Halle-Kröllwitz,Sachsen-Anhalt,O
1964,19520101,20150422,328.0,49.9445,6.3821,Olsdorf,Rheinland-Pfalz,W
1972,19120101,19620930,35.0,53.4793,10.2415,Hamburg-Bergedorf,Hamburg,N
1973,19470101,19541231,14.0,53.5598,9.9874,Hamburg-Botanischer Garten,Hamburg,N
1975,18910101,20150422,11.0,53.6332,9.9881,Hamburg-Fuhlsbüttel,Hamburg,N
1979,19510101,20061231,2.0,53.4213,10.1462,Hamburg-Kirchwerder,Hamburg,N
1981,19620501,20150422,3.0,53.4777,9.8957,Hamburg-Neuwiedenthal,Hamburg,N
1986,19780601,19880430,1.0,53.4699,10.1804,Hamburg-Reitbrook,Hamburg,N
1987,19560101,20000229,35.0,53.5468,9.9664,Hamburg-Sankt Pauli,Hamburg,N
1990,19510101,20061231,18.0,53.5853,10.1293,Hamburg-Wandsbek,Hamburg,N
1993,19400101,20071031,68.0,52.0848,9.3896,Hameln,Niedersachsen,N
2000,19950601,19960930,106.0,50.1205,8.9243,Hanau,Hessen,W
2005,19610101,19941231,108.0,52.7199,10.5987,Hankensbüttel,Niedersachsen,N
2014,19360101,20150422,55.0,52.4644,9.6779,Hannover,Niedersachsen,N
2023,19980101,20150422,502.0,48.7918,10.7062,Harburg,Bayern,S
2039,19360101,20150422,201.0,51.9,10.5701,"Harzburg, Bad",Niedersachsen,N
2044,19470101,20150422,404.0,51.652,11.1367,Harzgerode,Sachsen-Anhalt,O
2048,19510101,19591231,3.0,53.6342,9.6038,Haseldorf,Schleswig-Holstein,N
2053,19630101,19751231,461.0,51.6868,10.8631,Hasselfelde,Sachsen-Anhalt,O
2069,19360101,19750531,648.0,48.8629,13.067,Hausstein,Bayern,S
2074,19470101,20150422,522.0,48.3751,8.9801,Hechingen,Baden-Württemberg,S
2078,19370101,20020630,10.0,54.2181,9.0853,Weddingstedt,Schleswig-Holstein,N
2080,19350101,20120911,110.0,49.4206,8.6676,Heidelberg,Baden-Württemberg,S
2081,19360101,19601231,561.0,49.3981,8.7251,Königstuhl,Baden-Württemberg,S
2083,19490101,19581231,110.0,49.4192,8.6051,Heidelberg-Grenzhof,Baden-Württemberg,S
2088,19470101,20050430,498.0,48.6765,10.1307,Heidenheim/Brenz,Baden-Württemberg,S
2092,19520201,19901231,496.0,50.1691,7.9949,Heidenrod-Mappershain,Hessen,W
2095,19470701,20031031,167.0,49.1448,9.2333,Heilbronn,Baden-Württemberg,S
2110,19630101,20150422,57.0,51.0412,6.1041,Heinsberg-Schleiden,Nordrhein-Westfalen,W
2115,19520501,20150422,4.0,54.175,7.892,Helgoland,Schleswig-Holstein,N
2120,19470301,20061231,140.0,52.2164,11.0219,Helmstedt,Niedersachsen,N
2122,19510401,20020531,2.0,53.9701,9.0095,"Helse, Kr. Dithmarschen",Schleswig-Holstein,N
2147,19360101,20071231,77.0,52.1264,8.6865,Herford,Nordrhein-Westfalen,W
2151,19470101,19910831,215.0,51.0048,10.1705,Herleshausen,Hessen,W
2159,19780401,19850331,430.0,48.5915,8.8541,Herrenberg,Baden-Württemberg,S
2160,19910101,20001231,360.0,50.8444,10.6904,Herrenhof,Thüringen,O
2166,19510101,19901231,344.0,51.0167,14.75,Herrnhut,Sachsen,O
2167,19480101,20120401,302.0,49.7672,7.3356,Niederwörresbach,Rheinland-Pfalz,W
2171,19490101,20150422,272.0,50.8519,9.7378,"Hersfeld, Bad",Hessen,W
2173,19760101,20071231,60.0,51.589,7.1548,Herten,Nordrhein-Westfalen,W
2174,19911001,20150422,238.0,51.6254,10.3704,Herzberg,Niedersachsen,N
2187,19530101,19621231,287.0,49.9281,9.287,Hessenthal,Bayern,S
2201,19470101,20150422,1.0,54.575,13.1044,Hiddensee-Vitte,Mecklenburg-Vorpommern,O
2206,19530301,20080229,117.0,52.1408,9.8838,Hildesheim,Niedersachsen,N
2211,19370101,20150422,295.0,50.7371,7.6528,Hilgenroth,Rheinland-Pfalz,W
2223,19910101,20011231,300.0,50.3674,10.5687,Hindfeld,Thüringen,O
2226,19910101,20020930,668.0,50.4707,10.9106,Eisfeld-Waffenrod-Hinterrod,Thüringen,O
2228,19460101,20050331,883.0,47.8983,8.1055,Hinterzarten,Baden-Württemberg,S
2250,19410101,20060731,403.0,49.1279,12.8645,Höllenstein (Kraftwerk),Bayern,S
2252,19470101,20150422,270.0,50.8994,14.7456,Bertsdorf-Hörnitz,Sachsen,O
2260,19490101,20061231,474.0,50.323,11.9077,Hof (Stadt),Bayern,S
2261,19470101,20150422,565.0,50.3122,11.8761,Hof,Bayern,S
2264,19480101,20021130,242.0,51.5337,9.4786,Hofgeismar-Beberbeck,Hessen,W
2268,19490101,20061231,263.0,50.1352,10.5156,Hofheim,Bayern,S
2290,17810101,20150422,977.0,47.8009,11.0109,Hohenpeißenberg,Bayern,S
2302,19910101,19921231,317.0,50.9632,11.4847,Hohlstedt-Kötschau,Thüringen,O
2303,19811001,20150422,10.0,54.3146,9.539,Hohn,Schleswig-Holstein,N
2306,19771101,20150422,8.0,54.3195,10.6733,Hohwacht,Schleswig-Holstein,N
2315,20000601,20150422,81.0,51.7657,13.1666,Holzdorf (Flugplatz),Brandenburg,O
2318,19980801,20000131,397.0,50.2182,7.9133,Holzhausen a.d. Haide,Rheinland-Pfalz,W
2319,19821201,20150422,685.0,47.8823,11.6962,Holzkirchen,Bayern,S
2323,19510101,20150422,110.0,51.8539,9.4964,"Bevern, Kr. Holzminden",Niedersachsen,N
2324,19750601,20080930,440.0,51.7659,9.5447,Holzminden-Silberborn,Niedersachsen,N
2327,19510101,20000630,250.0,50.7316,9.0032,Homberg/Ohm,Hessen,W
2331,19700101,20021231,235.0,49.3283,7.3561,Homburg/Saar,Saarland,W
2338,20000601,20050630,39.0,52.3333,7.55,Hopsten (Flugplatz),Nordrhein-Westfalen,W
2344,19430101,19640331,582.0,50.1511,11.698,Horlachen,Bayern,S
2349,19530101,20050831,1119.0,48.6136,8.2034,Hornisgrinde,Baden-Württemberg,S
2354,19470201,19591231,118.0,51.4379,14.2426,Hoyerswerda (Ph),Sachsen,O
2360,19360101,19780430,438.0,48.6018,11.6769,Hüll,Bayern,S
2362,19821001,20150422,328.0,50.5652,7.4839,Hümmerich,Rheinland-Pfalz,W
2374,18910101,19740630,3.0,54.4752,9.0564,Husum,Schleswig-Holstein,N
2385,20000701,20150422,376.0,49.6927,7.3264,Idar-Oberstein,Rheinland-Pfalz,W
2388,19900601,20031231,193.0,48.0419,7.632,Ihringen,Baden-Württemberg,S
2406,19800701,20021130,209.0,49.2967,9.652,Ingelfingen,Baden-Württemberg,S
2409,19410101,19531231,360.0,48.7662,11.4539,Ingolstadt (Flussmeisterstelle),Bayern,S
2410,20000702,20150422,364.0,48.7112,11.5362,Ingolstadt (Flugplatz),Bayern,S
2417,19590101,19771231,621.0,48.1644,12.0307,Mittbach,Bayern,S
2422,19380101,19780630,230.0,51.3768,7.7644,Iserlohn-Westig,Nordrhein-Westfalen,W
2429,20000601,20150422,21.0,53.9897,9.5696,Itzehoe,Schleswig-Holstein,N
2437,19980101,20150422,21.0,54.455,9.5194,Schleswig-Jagel,Schleswig-Holstein,N
2444,18240101,20150422,155.0,50.9251,11.583,Jena (Sternwarte),Thüringen,O
2451,19910101,20010831,77.0,51.7954,12.9583,Jessen/Elster,Sachsen-Anhalt,O
2456,19400101,20050826,7.0,53.5322,7.8806,Jever,Niedersachsen,N
2464,19510101,19901031,1.0,53.5316,9.6752,Jork,Niedersachsen,N
2474,19760101,20081231,91.0,50.9104,6.4093,Jülich (Forsch.-Anlage),Nordrhein-Westfalen,W
2475,19670101,19801231,75.0,52.0006,13.1022,Jüterbog,Brandenburg,O
2480,19470101,20150422,107.0,50.0644,8.9932,Kahl/Main,Bayern,S
2483,19550101,20150422,839.0,51.1803,8.4891,Kahler Asten,Nordrhein-Westfalen,W
2485,20110501,20150422,489.0,48.9171,9.6872,Kaisersbach-Cronhütte,Baden-Württemberg,S
2486,19010101,20150422,285.0,49.4242,7.736,Kaiserslautern,Rheinland-Pfalz,W
2488,19460101,20020930,516.0,48.7701,10.7876,Kaisheim-Neuhof,Bayern,S
2494,20000601,20130929,31.0,51.7329,6.2688,Kalkar,Nordrhein-Westfalen,W
2497,19470101,20150422,505.0,50.5016,6.5262,Kall-Sistig,Nordrhein-Westfalen,W
2502,19510201,19561231,447.0,51.3176,10.1355,"Heiligenstadt, Heilbad-Kalteneber",Thüringen,O
2503,19510101,20030331,487.0,50.6266,10.1455,Kaltennordheim,Thüringen,O
2521,19500101,19940331,374.0,48.6765,11.2961,Karlshuld,Bayern,S
2522,18760101,20081031,112.0,49.0382,8.3641,Karlsruhe,Baden-Württemberg,S
2532,19510101,20131031,231.0,51.2963,9.4424,Kassel,Hessen,W
2533,19460701,19770630,198.0,51.334,9.4506,Kassel-Harleshausen,Hessen,W
2542,19700501,20150422,716.0,47.8652,10.6007,Kaufbeuren,Bayern,S
2543,19680101,20081231,585.0,48.0916,10.8609,Kaufering,Bayern,S
2546,19881001,20031231,141.0,48.5576,7.88,Kehl-Odelshofen,Baden-Württemberg,S
2559,19520101,20150422,705.0,47.7233,10.3348,Kempten,Bayern,S
2564,19860601,20150422,27.0,54.3761,10.1433,Kiel-Holtenau,Schleswig-Holstein,N
2565,19400101,19880930,17.0,54.3378,10.0929,Kiel-Kronshagen,Schleswig-Holstein,N
2575,20070522,20150422,426.0,49.1804,9.9799,Kirchberg/Jagst-Herboldshausen,Baden-Württemberg,S
2578,19550801,20150422,12.0,53.9995,11.4341,Kirchdorf/Poel,Mecklenburg-Vorpommern,O
2597,19460101,20150422,282.0,50.2241,10.0792,"Kissingen, Bad",Bayern,S
2600,19821101,20150422,188.0,49.7361,10.1782,Kitzingen,Bayern,S
2601,19360101,20150422,826.0,50.2218,8.4469,Kleiner Feldberg/Taunus,Hessen,W
2609,19740901,19810331,40.0,53.9587,10.3293,Klein Rönnau,Schleswig-Holstein,N
2618,19910101,20150422,732.0,50.8458,10.4803,Kleiner Inselsberg,Thüringen,O
2621,19560101,19691231,42.0,52.4036,13.2319,Kleinmachnow,Brandenburg,O
2627,19960701,20150422,128.0,51.5554,13.8846,Klettwitz,Brandenburg,O
2629,19471111,20150422,46.0,51.7612,6.0954,Kleve,Nordrhein-Westfalen,W
2638,19470101,20150422,973.0,48.1054,8.7549,Klippeneck,Baden-Württemberg,S
2641,19941001,20150422,85.0,51.519,12.9062,Klitzschen bei Torgau,Sachsen,O
2654,19490101,19831031,200.0,49.0265,8.7554,Knittlingen,Baden-Württemberg,S
2657,19510101,20080131,85.0,50.3369,7.5992,Koblenz-Horchheim,Rheinland-Pfalz,W
2665,19360101,19841231,45.0,50.9615,6.9712,Köln-Botanischer Garten,Nordrhein-Westfalen,W
2667,19570901,20150422,92.0,50.8646,7.1575,Köln-Bonn,Nordrhein-Westfalen,W
2680,19510101,20150422,288.0,50.2841,10.4456,"Königshofen, Bad",Bayern,S
2689,19500101,19601231,40.0,53.2279,9.6527,Königsmoor,Niedersachsen,N
2691,19940401,20081231,378.0,48.6707,11.2173,Königsmoos-Untermaxfeld,Bayern,S
2700,19490101,20150422,417.0,48.8301,11.4872,Kösching,Bayern,S
2701,19470101,20070331,136.0,51.1329,11.7252,"Kösen, Bad",Sachsen-Anhalt,O
2703,19980101,20001010,496.0,51.855,9.3239,Köterberg,Nordrhein-Westfalen,W
2704,19931001,20150422,76.0,51.7515,12.0079,Köthen (Anhalt),Sachsen-Anhalt,O
2708,19910801,20150422,740.0,47.6652,11.0804,"Kohlgrub, Bad (Rosshof)",Bayern,S
2712,19721101,20150422,443.0,47.6774,9.1901,Konstanz,Baden-Württemberg,S
2717,19890601,20051231,395.0,51.2662,8.8309,Korbach-Lengefeld,Hessen,W
2750,19490101,20150422,312.0,50.2524,11.3208,Kronach,Bayern,S
2761,19510101,19901031,520.0,48.251,10.4163,Krumbach-Edenhausen,Bayern,S
2770,19730701,19740831,35.0,53.9015,10.2359,Kükels,Schleswig-Holstein,N
2773,20000701,20150422,417.0,49.4283,11.9016,Kümmersbruck,Bayern,S
2775,19460101,19800630,225.0,49.2795,9.6925,Künzelsau,Baden-Württemberg,S
2780,19600101,19820531,330.0,50.1003,11.4494,Kulmbach,Bayern,S
2783,19660901,19920831,436.0,48.5126,12.1513,Kumhausen,Bayern,S
2790,19700101,19810831,296.0,49.5592,7.4134,Kusel-Fünfbirken,Rheinland-Pfalz,W
2794,19860601,20150422,40.0,52.9363,12.4093,Kyritz,Brandenburg,O
2796,20000601,20150422,40.0,53.9156,12.279,Laage (Flugplatz),Mecklenburg-Vorpommern,O
2812,19500101,20150422,155.0,48.3647,7.828,Lahr,Baden-Württemberg,S
2814,19490101,20150422,685.0,48.5121,9.7645,Merklingen,Baden-Württemberg,S
2821,19480101,19571231,214.0,51.9603,10.0157,Lamspringe,Niedersachsen,N
2829,20000601,20150422,621.0,48.0772,10.9144,Landsberg (Flugplatz),Bayern,S
2830,19500101,19671231,602.0,48.0349,10.8709,Landsberg/Lech,Bayern,S
2831,19470111,20080331,393.0,48.5357,12.1132,Landshut,Bayern,S
2843,20081123,20150422,125.0,50.0075,8.6547,Langen (BTZ),Hessen,W
2856,19930601,20150422,91.0,51.9173,13.0878,Langenlipsdorf,Brandenburg,O
2857,19470401,19581130,175.0,51.1173,10.6568,"Langensalza, Bad",Thüringen,O
2861,19510101,19860630,5.0,53.7445,7.4775,Langeoog,Niedersachsen,N
2872,19470101,19501231,15.0,52.8457,7.3489,Lathen,Niedersachsen,N
2878,19510101,20070430,119.0,51.3912,11.8785,"Lauchstädt, Bad",Sachsen-Anhalt,O
2879,19490101,19851231,199.0,49.5781,9.7142,Lauda-Königshofen-Gerlachsheim,Baden-Württemberg,S
2886,20000701,20150422,539.0,48.2176,9.9097,Laupheim,Baden-Württemberg,S
2905,20000601,20150422,550.0,48.1849,10.8507,Lechfeld,Bayern,S
2906,19510101,19750228,5.0,54.775,8.9808,Leck (A),Schleswig-Holstein,N
2907,19741101,20150422,7.0,54.7903,8.9514,Leck,Schleswig-Holstein,N
2912,19560301,19741130,9.0,54.7419,9.8791,Lehbek,Schleswig-Holstein,N
2915,19470101,19611231,640.0,50.4833,11.45,Lehesten/Thüringer Wald,Thüringen,O
2920,19780901,19970630,365.0,48.7654,12.5121,Leiblfing,Bayern,S
2923,19550101,19700531,663.0,47.9116,10.6124,Leinau,Bayern,S
2925,19570101,20150422,356.0,51.3933,10.3123,Leinefelde,Thüringen,O
2928,19510101,20150422,138.0,51.3151,12.4462,Leipzig-Holzhausen,Sachsen,O
2932,19720501,20150422,131.0,51.4348,12.2396,Leipzig/Halle,Sachsen,O
2947,19620401,20150422,286.0,51.1334,8.0352,Lennestadt-Theten,Nordrhein-Westfalen,W
2949,19470801,20020131,758.0,48.5396,9.5275,Lenningen-Schopfloch,Baden-Württemberg,S
2950,19620401,20061231,14.0,54.219,10.8844,Lensahn,Schleswig-Holstein,N
2951,19941001,20150422,20.0,53.1007,11.4864,Lenzen/Elbe,Brandenburg,O
2953,19610101,20150422,852.0,47.8597,8.2308,Lenzkirch-Ruhbühl,Baden-Württemberg,S
2961,19980101,20150422,5.0,54.4996,10.2737,Leuchtturm Kiel,Schleswig-Holstein,N
2968,19450101,20150422,43.0,50.9895,6.9779,Köln-Stammheim,Nordrhein-Westfalen,W
2985,19940601,20150422,321.0,50.9383,14.2093,Lichtenhain-Mittelndorf,Sachsen,O
2996,19470101,19601231,352.0,48.7726,8.7287,"Liebenzell, Bad (LUBW)",Baden-Württemberg,S
3001,19650101,19900531,284.0,48.0674,7.677,Liliental,Baden-Württemberg,S
3004,19490101,19990630,185.0,50.4116,8.0605,Limburg/Lahn-Offheim,Hessen,W
3007,19470101,19551231,96.0,49.4111,8.398,Limburgerhof,Rheinland-Pfalz,W
3015,19060401,20150422,98.0,52.2085,14.118,Lindenberg,Brandenburg,O
3016,19700601,19880430,760.0,47.598,9.8878,Lindenberg/Allgäu,Bayern,S
3018,19730401,20051231,445.0,49.7117,8.7804,Lindenfels-Winterkasten,Hessen,W
3023,19510101,20150422,22.0,52.5181,7.3081,Lingen,Niedersachsen,N
3028,19510101,20150422,157.0,51.7855,8.8388,"Lippspringe, Bad",Nordrhein-Westfalen,W
3031,19801201,20150422,92.0,51.6334,8.3943,Lippstadt-Bökenförde,Nordrhein-Westfalen,W
3032,19370101,20150422,26.0,55.011,8.4125,List auf Sylt,Schleswig-Holstein,N
3034,19910101,20150422,500.0,50.4505,11.635,"Lobenstein, Bad",Thüringen,O
3042,19930701,20150422,230.0,50.5624,8.2391,Löhnberg-Obershausen,Hessen,W
3044,19460101,20150422,22.0,52.7216,7.7463,Löningen,Niedersachsen,N
3045,19930501,20070630,27.0,52.7432,7.8763,Löningen-Hagel,Niedersachsen,N
3056,19470101,20051031,161.0,50.0103,9.61,Lohr/Main-Steinbach,Bayern,S
3062,19510101,19890531,100.0,50.0352,7.8197,Lorch/Rhein,Hessen,W
3076,19470101,19561231,95.0,49.4606,8.4246,Ludwigshafen-Mundenheim,Rheinland-Pfalz,W
3083,19911001,20150422,57.0,51.9267,13.8797,Lübben-Blumenfelde,Brandenburg,O
3085,19500301,19850228,15.0,53.8773,10.6915,Lübeck,Schleswig-Holstein,N
3086,19850301,20150422,16.0,53.8025,10.6988,Lübeck-Blankensee,Schleswig-Holstein,N
3088,18900101,19730630,5.0,53.8953,10.704,Lübeck-Werft,Schleswig-Holstein,N
3093,19541201,20150422,17.0,52.9724,11.1374,Lüchow,Niedersachsen,N
3096,19400101,19951231,444.0,51.2131,7.6359,Lüdenscheid (Zeppelin-Gymnasium),Nordrhein-Westfalen,W
3098,19940101,20150422,387.0,51.2452,7.6425,Lüdenscheid,Nordrhein-Westfalen,W
3101,19500101,19950930,58.0,51.7694,7.4128,Lüdinghausen,Nordrhein-Westfalen,W
3103,19470501,19971231,11.0,53.2657,10.424,Lüneburg,Niedersachsen,N
3113,19910101,19910731,528.0,50.7663,10.7201,Luisenthal (Talsperre),Thüringen,O
3126,19470101,20150422,76.0,52.1029,11.5827,Magdeburg,Sachsen-Anhalt,O
3135,19550501,19830331,473.0,49.0643,9.582,Mainhardt-Ziegelbronn,Baden-Württemberg,S
3137,19480101,20150422,195.0,49.9672,8.2108,Mainz-Lerchenberg (ZDF),Rheinland-Pfalz,W
3139,19831101,20041231,509.0,48.2166,11.2965,Maisach-Gernlinden,Bayern,S
3147,19530101,20150422,418.0,48.7726,12.2177,Mallersdorf-Pfaffenberg/Niederbayern,Bayern,S
3155,19611101,20150422,413.0,50.1015,6.8009,Manderscheid-Sonnenhof,Rheinland-Pfalz,W
3158,19850101,20150422,12.0,52.5468,14.5452,Manschnow,Brandenburg,O
3160,19520101,19801231,240.0,51.6084,11.4139,Vatterode-Gräfenstuhl,Sachsen-Anhalt,O
3164,19460101,20150422,182.0,50.8492,8.7746,"Cölbe, Kr. Marburg-Biedenkopf",Hessen,W
3166,19560101,20150422,639.0,50.651,13.1469,Marienberg,Sachsen,O
3167,19621201,20150422,547.0,50.662,7.9602,"Marienberg, Bad",Rheinland-Pfalz,W
3170,20000703,20100430,5.0,54.4937,11.2405,Marienleuchte,Schleswig-Holstein,N
3196,19470101,20150422,81.0,53.3223,11.9319,Marnitz,Mecklenburg-Vorpommern,O
3204,19910101,20150422,427.0,50.7334,10.8815,Martinroda,Thüringen,O
3211,19420101,19561231,1011.0,48.9359,13.5747,Mauth-Finsterau,Bayern,S
3212,19610101,20021231,230.0,50.3249,7.23,Mayen,Rheinland-Pfalz,W
3222,19610101,19781231,60.0,52.3411,9.1403,Meerbeck,Niedersachsen,N
3223,19470101,19770930,460.0,47.6985,9.2753,Meersburg,Baden-Württemberg,S
3226,20060801,20150422,107.0,51.7259,11.5111,Aschersleben-Mehringen,Sachsen-Anhalt,O
3228,19790801,19951231,506.0,51.0976,7.667,Meinerzhagen (A),Nordrhein-Westfalen,W
3231,19790101,20150422,450.0,50.5612,10.3771,Meiningen,Thüringen,O
3234,19560601,20150422,157.0,51.1294,13.4327,Garsebach bei Meißen,Sachsen,O
3236,19860701,20011231,89.0,52.2044,8.3382,Melle,Niedersachsen,N
3244,19610101,20150422,615.0,47.982,10.1384,Memmingen,Bayern,S
3245,20000701,20021120,630.0,47.9833,10.2333,Memmingen (Flugplatz),Bayern,S
3246,20000701,20070613,181.0,50.3667,7.3167,Mendig,Rheinland-Pfalz,W
3253,19610101,20061231,885.0,47.831,8.0697,Sankt Blasien-Menzenschwand,Baden-Württemberg,S
3254,20000702,20150422,19.0,52.7156,7.3176,Meppen,Niedersachsen,N
3257,19470101,20150422,250.0,49.4773,9.7623,"Mergentheim, Bad-Neunkirchen",Baden-Württemberg,S
3268,20000601,20150422,920.0,48.1875,8.9938,Meßstetten,Baden-Württemberg,S
3271,19410101,20150422,313.0,48.8548,12.9187,Metten,Bayern,S
3278,20030101,20150422,355.0,48.5376,9.2733,Metzingen,Baden-Württemberg,S
3284,19870101,20150422,240.0,49.6691,9.0085,Michelstadt,Hessen,W
3287,19871001,20150422,453.0,49.7176,9.0997,Michelstadt-Vielbrunn,Hessen,W
3289,19910101,20150422,355.0,50.7281,11.7838,Schmieritz-Weltwitz,Thüringen,O
3291,19801101,20031231,128.0,49.712,9.2258,Miltenberg,Bayern,S
3300,19740501,19930331,155.0,50.2285,9.1064,Mittel-Gründau,Hessen,W
3307,19460101,20150422,981.0,47.4778,11.2654,Mittenwald-Buckelwiesen,Bayern,S
3313,19360901,19720331,508.0,49.7328,8.7771,Modautal-Neunkirchen,Hessen,W
3317,19750701,19840930,42.0,53.6128,10.6943,Mölln,Schleswig-Holstein,N
3319,20060901,20150422,239.0,49.7645,9.2531,Röllbach,Bayern,S
3320,19350101,19530531,49.0,51.197,6.4499,Mönchengladbach,Nordrhein-Westfalen,W
3340,19380101,20150422,265.0,50.4383,7.8061,Montabaur,Rheinland-Pfalz,W
3348,19900701,20150422,240.0,51.7209,9.8352,Moringen-Lutterbeck,Niedersachsen,N
3362,19980101,20150422,244.0,48.9721,8.8734,Mühlacker,Baden-Württemberg,S
3366,19530101,20150422,406.0,48.2791,12.5024,Mühldorf,Bayern,S
3370,19950401,20041130,300.0,51.2076,10.3956,Mühlhausen,Thüringen,O
3376,19490101,20150422,63.0,52.5176,14.1232,Müncheberg,Brandenburg,O
3379,19540601,20150422,515.0,48.1631,11.5429,München-Stadt,Bayern,S
3382,19451101,19531231,521.0,48.1441,11.6,München-Bogenhausen,Bayern,S
3383,18790101,19541231,515.0,48.1635,11.5019,München-Botanischer Garten,Bayern,S
3385,19550101,19990331,515.0,48.166,11.5011,München-Nymphenburg,Bayern,S
3388,19940201,19970131,542.0,48.0919,11.6486,München-Perlach,Bayern,S
3390,19400101,19920516,529.0,48.1369,11.7094,München-Riem,Bayern,S
3402,19460101,20150422,750.0,48.3851,9.4837,Münsingen-Apfelstetten,Baden-Württemberg,S
3404,18910101,19911231,62.0,51.9494,7.5906,Münster,Nordrhein-Westfalen,W
3425,19510101,20040531,344.0,48.9729,9.5708,Murrhardt,Baden-Württemberg,S
3426,19480401,20150422,125.0,51.5662,14.6989,"Muskau, Bad",Sachsen,O
3432,19490101,19950331,380.0,48.5665,8.7184,Nagold,Baden-Württemberg,S
3442,19470101,20150422,149.0,50.3574,8.7506,"Nauheim, Bad",Hessen,W
3478,19760701,20050228,81.0,53.5468,13.1914,Neubrandenburg,Mecklenburg-Vorpommern,O
3484,20000701,20150422,380.0,48.7097,11.2096,Neuburg/Donau (Flugplatz),Bayern,S
3485,19910601,20150422,486.0,48.3116,10.3771,Neuburg/Kammel-Langenhaslach,Bayern,S
3486,19490101,20041231,212.0,49.2931,9.2722,Neudenau,Baden-Württemberg,S
3490,19480101,20150422,111.0,50.5346,7.0853,"Neuenahr, Bad-Ahrweiler",Rheinland-Pfalz,W
3509,20041001,20150422,77.0,53.102,13.0421,Menz,Brandenburg,O
3513,19890501,20150422,845.0,50.5002,11.1344,Neuhaus am Rennweg,Thüringen,O
3518,19811001,19931130,793.0,47.976,8.9101,Neuhausen ob Eck,Baden-Württemberg,S
3519,19931201,20031231,663.0,47.9522,8.9934,Neuhausen ob Eck-Unterschwandorf,Baden-Württemberg,S
3527,19470101,20150422,500.0,50.8924,9.4053,Neukirchen-Hauptschwenda,Hessen,W
3532,19510101,19761130,4.0,54.3609,10.6015,Neuland,Schleswig-Holstein,N
3537,19360101,20070831,26.0,54.0873,9.9791,Neumünster,Schleswig-Holstein,N
3540,19920901,20150422,195.0,50.8446,7.3714,Neunkirchen-Seelscheid-Krawinkel,Nordrhein-Westfalen,W
3541,19620801,19920229,185.0,50.8956,7.3081,Neunkirchen-Seelscheid-Meisenbach,Nordrhein-Westfalen,W
3545,19700101,20150422,236.0,49.3436,7.2295,Neunkirchen-Wellesweiler,Saarland,W
3552,19610101,20150422,38.0,52.9037,12.8072,Neuruppin,Brandenburg,O
3565,19470101,20020131,315.0,49.5728,10.6001,Neustadt/Aisch,Bayern,S
3571,20080301,20150422,452.0,49.8174,11.8638,Neustadt am Kulm-Filchendorf,Bayern,S
3575,19510101,19821231,163.0,49.357,8.1405,Neustadt/Weinstraße,Rheinland-Pfalz,W
3576,19760101,20021031,125.0,49.3478,8.1822,Neustadt/Weinstraße (Heidehof),Rheinland-Pfalz,W
3577,19470101,19760630,64.0,53.3585,13.0502,Neustrelitz,Mecklenburg-Vorpommern,O
3578,19811001,20061231,341.0,48.9832,12.1443,Regensburg-Burgweinting,Bayern,S
3590,19610101,20050930,180.0,50.2335,8.8923,Nidderau-Windecken,Hessen,W
3591,19940101,20150422,350.0,50.6744,6.4237,Nideggen-Schmidt,Nordrhein-Westfalen,W
3595,19660501,20030630,250.0,50.4107,7.808,Niederelbert,Rheinland-Pfalz,W
3603,20000701,20150422,473.0,49.3895,9.9666,Niederstetten,Baden-Württemberg,S
3605,19510101,19801031,451.0,48.5334,10.243,Niederstotzingen,Baden-Württemberg,S
3612,19470101,20150422,25.0,52.6711,9.2229,Nienburg,Niedersachsen,N
3621,19470101,20150422,435.0,48.8254,10.5066,Reimlingen,Bayern,S
3623,20000701,20150422,111.0,50.8294,6.6602,Nörvenich (Flugplatz),Nordrhein-Westfalen,W
3631,19470101,20150422,11.0,53.7123,7.1519,Norderney,Niedersachsen,N
3639,20000701,20150422,25.0,53.7647,8.6583,Nordholz (Flugplatz),Niedersachsen,N
3640,19360101,20061231,24.0,52.4124,7.064,Nordhorn-Blanke,Niedersachsen,N
3659,19470101,19950228,627.0,50.3391,6.9501,Nürburg,Rheinland-Pfalz,W
3660,19950306,20150422,485.0,50.3601,6.8697,Nürburg-Barweiler,Rheinland-Pfalz,W
3666,19360101,19741231,335.0,49.5008,11.107,Nürnberg-Buchenbuehl,Bayern,S
3667,19750101,20150422,368.0,49.4258,11.2538,Nürnberg-Netzstall,Bayern,S
3668,19550401,20150422,314.0,49.5031,11.0549,Nürnberg,Bayern,S
3671,19550101,19910331,280.0,48.6321,9.3261,Nürtingen,Baden-Württemberg,S
3672,19480501,19541231,457.0,48.6207,8.8962,Nufringen,Baden-Württemberg,S
3679,19470101,20150422,518.0,47.6185,12.1666,Kiefersfelden-Gach,Bayern,S
3705,19820701,20041231,480.0,48.3147,8.5735,Oberndorf/Neckar-Aistaig,Baden-Württemberg,S
3722,19760401,20060531,484.0,48.2443,11.5528,Oberschleißheim,Bayern,S
3730,19360101,20150422,806.0,47.3986,10.276,Oberstdorf,Bayern,S
3734,20040701,20150422,230.0,49.1279,9.3525,Obersulm-Willsbach,Baden-Württemberg,S
3735,19360701,19581231,455.0,48.2635,12.276,Obertaufkirchen,Bayern,S
3739,19481001,20150422,596.0,49.452,12.4366,Oberviechtach,Bayern,S
3744,19711201,19750630,125.0,51.6018,9.5383,Oberweser-Gieselwerder,Hessen,W
3751,19880601,19971231,626.0,48.0449,9.8822,Ochsenhausen-Mittelbuch,Baden-Württemberg,S
3752,19590901,19820930,1014.0,50.03,11.8074,Ochsenkopf,Bayern,S
3753,19640101,19930331,56.0,52.2042,7.1784,Ochtrup,Nordrhein-Westfalen,W
3761,19470101,20150422,276.0,49.207,9.5175,Öhringen,Baden-Württemberg,S
3776,19571101,19951031,110.0,50.0946,8.7546,Offenbach/M. (Stadt),Hessen,W
3777,19580101,20031231,153.0,48.4593,7.9255,Offenburg,Baden-Württemberg,S
3788,19600601,19851231,305.0,50.8646,14.7628,Olbersdorf,Sachsen,O
3790,19470101,19890930,5.0,53.1018,8.2516,Oldenburg (A),Niedersachsen,N
3791,19891001,20120930,11.0,53.1763,8.1824,Oldenburg,Niedersachsen,N
3811,19780101,20150422,150.0,51.296,13.0928,Oschatz,Sachsen,O
3815,19520201,20101130,95.0,52.2553,8.0534,Osnabrück,Niedersachsen,N
3821,19840801,20150422,246.0,51.0873,11.9292,Osterfeld,Sachsen-Anhalt,O
3825,19610101,19771231,338.0,49.5033,7.2773,Osterhof,Saarland,W
3836,19720501,20150422,312.0,50.4538,10.221,Ostheim v.d. Rhön,Bayern,S
3856,19490101,19930630,1010.0,47.6383,10.4313,Oy-Mittelberg,Bayern,S
3857,19931001,20150422,885.0,47.636,10.3891,Oy-Mittelberg-Petersthal,Bayern,S
3867,19500101,19561231,7.0,53.0643,7.4814,Papenburg,Niedersachsen,N
3875,19500101,20150422,549.0,49.1509,11.6897,Parsberg/Oberpfalz-Eglwang,Bayern,S
3878,19360101,19571231,327.0,48.5807,13.4152,Passau-Maierhof,Bayern,S
3879,19480101,19970103,409.0,48.5779,13.4694,Passau-Oberhaus,Bayern,S
3883,19910101,19980131,442.0,50.5999,11.9966,Pausa-Unterreichenau,Sachsen,O
3897,19980101,20150422,1.0,54.0893,10.8773,Pelzerhaken,Schleswig-Holstein,N
3903,19510101,20040930,175.0,49.5114,6.3857,Perl-Besch,Saarland,W
3904,19650101,20150422,152.0,49.5356,6.3804,Perl-Nennig,Saarland,W
3915,19470101,19501231,145.0,51.9893,13.3608,Petkus,Brandenburg,O
3922,19751101,20010630,435.0,49.1162,10.8598,Pfofeld-Langlau,Bayern,S
3924,19370101,20050831,246.0,48.9059,8.7412,Pforzheim-Eutingen,Baden-Württemberg,S
3925,20050901,20150422,333.0,48.9318,8.6959,Pforzheim-Ispringen,Baden-Württemberg,S
3927,19580101,20150422,630.0,47.9344,9.2869,Pfullendorf,Baden-Württemberg,S
3929,19480101,19850930,100.0,49.2511,8.4415,Philippsburg,Baden-Württemberg,S
3939,19500101,20150422,385.0,49.1911,7.5875,Pirmasens,Rheinland-Pfalz,W
3946,19470101,20150422,386.0,50.4819,12.13,Plauen,Sachsen,O
3955,19500101,19970131,24.0,54.159,10.402,Plön (See),Schleswig-Holstein,N
3974,19490301,19930630,368.0,49.5058,11.5142,Pommelsbrunn,Bayern,S
3975,19930901,20150422,522.0,49.4778,11.5355,Pommelsbrunn-Mittelburg,Bayern,S
3987,18930101,20150422,81.0,52.3813,13.0622,Potsdam,Brandenburg,O
3988,18930101,20150331,81.0,52.3822,13.0622,Potsdam (Säkularstation),Brandenburg,O
4005,19460101,19571231,530.0,47.8588,12.3624,Prien-Stock,Bayern,S
4018,19510101,19830831,550.0,48.1877,11.2206,Puch,Bayern,S
4024,19470101,20150422,40.0,54.3643,13.477,Putbus,Mecklenburg-Vorpommern,O
4029,19400101,19571231,25.0,52.6691,7.9544,Quakenbrück,Niedersachsen,N
4032,19910101,20150422,142.0,51.7954,11.1319,Quedlinburg,Sachsen-Anhalt,O
4036,19950501,20150422,204.0,51.3895,11.5414,Querfurt-Mühle Lodersleben,Sachsen-Anhalt,O
4038,19470101,19770630,27.0,53.7276,9.9071,Quickborn (Kurzer Kamp),Schleswig-Holstein,N
4039,19741201,20150422,13.0,53.7331,9.8776,Quickborn,Schleswig-Holstein,N
4053,19530101,19961231,407.0,47.7458,9.0007,Radolfzell-Markelfingen,Baden-Württemberg,S
4063,19510101,20150422,41.0,52.4461,8.5906,Rahden-Kleinendorf,Nordrhein-Westfalen,W
4066,19861101,19990131,553.0,47.9091,11.1048,Raisting,Bayern,S
4077,19370101,19390731,114.0,48.8471,8.1869,Rastatt,Baden-Württemberg,S
4079,19470101,20050630,200.0,51.1765,11.4183,Rastenberg,Thüringen,O
4091,19620701,19980630,1640.0,47.7327,12.6827,Rauschberg bei Ruhpolding,Bayern,S
4094,19460101,20150422,440.0,47.8062,9.6206,"Weingarten, Kr. Ravensburg",Baden-Württemberg,S
4100,19540101,19731231,109.0,51.6243,7.182,Recklinghausen,Nordrhein-Westfalen,W
4104,19470101,20150422,365.0,49.0424,12.1021,Regensburg,Bayern,S
4125,19450101,20061130,470.0,47.7238,12.874,"Reichenhall, Bad",Bayern,S
4127,19911001,20150422,350.0,50.9906,7.6958,Reichshof-Eckenhagen,Nordrhein-Westfalen,W
4149,19470101,19621231,764.0,50.5602,13.2222,Marienberg-Reitzenhain,Sachsen,O
4152,19710101,19771231,760.0,47.6783,8.1527,Remetschwiel,Baden-Württemberg,S
4154,20110201,20150422,345.0,51.1798,7.2506,Remscheid-Lennep,Nordrhein-Westfalen,W
4156,19731001,19980228,8.0,54.2878,9.6749,Rendsburg,Schleswig-Holstein,N
4160,20040701,20150422,478.0,48.7425,8.924,Renningen-Ihinger Hof,Baden-Württemberg,S
4166,19880501,20021231,360.0,48.5051,9.1833,Reutlingen-Betzingen,Baden-Württemberg,S
4169,19580101,20150422,131.0,48.6703,7.9939,Rheinau-Memprechtshofen,Baden-Württemberg,S
4174,20000701,20150422,40.0,52.2887,7.3866,Rheine-Bentlage,Nordrhein-Westfalen,W
4175,19530901,20141231,287.0,47.5627,7.7936,Rheinfelden,Baden-Württemberg,S
4177,19480101,20150422,116.0,48.9726,8.3302,Rheinstetten,Baden-Württemberg,S
4189,20040801,20150422,533.0,48.1479,9.4596,"Altheim, Kreis Biberach",Baden-Württemberg,S
4222,19910101,20060131,464.0,50.5263,12.4091,Rodewisch,Sachsen,O
4233,19360403,19531130,397.0,50.3833,9.5167,Röhrigshof bei Schlüchtern,Hessen,W
4240,19480101,19920930,440.0,50.6407,6.2058,Roetgen,Nordrhein-Westfalen,W
4261,19500101,20150422,444.0,47.8752,12.1279,Rosenheim,Bayern,S
4271,19470101,20150422,4.0,54.1802,12.0805,Rostock-Warnemünde,Mecklenburg-Vorpommern,O
4275,19460101,20150422,32.0,53.1288,9.3395,Rotenburg (Wümme),Niedersachsen,N
4278,19510101,20081231,340.0,49.2511,11.0934,Roth bei Nürnberg,Bayern,S
4280,20000701,20150422,385.0,49.2164,11.1036,Roth,Bayern,S
4287,19470601,20150422,415.0,49.3847,10.1732,Rothenburg ob der Tauber,Bayern,S
4288,19510101,19750831,95.0,52.1039,8.1809,"Rothenfelde, Bad",Niedersachsen,N
4294,19790701,20021031,360.0,48.4704,8.9687,Rottenburg-Kiebingen,Baden-Württemberg,S
4300,19570201,20150422,588.0,48.1813,8.6351,Rottweil,Baden-Württemberg,S
4301,19470101,20150422,102.0,49.8502,7.871,"Kreuznach, Bad",Rheinland-Pfalz,W
4320,19880601,19920930,36.0,54.0934,10.2223,Ruhwinkel,Schleswig-Holstein,N
4323,19690101,20150422,461.0,49.6467,7.8835,Ruppertsecken,Rheinland-Pfalz,W
4327,19530301,19710716,797.0,48.8765,13.049,Rusel-Irlmoos,Bayern,S
4330,19520101,19800331,449.0,48.8026,8.9557,Rutesheim,Baden-Württemberg,S
4332,19470501,19591231,235.0,50.6563,11.3894,Saalfeld,Thüringen,O
4336,19510101,20150422,320.0,49.2128,7.1077,Saarbrücken-Ensheim,Saarland,W
4339,19480101,20010331,193.0,49.2231,7.0168,Saarbrücken-Sankt Johann,Saarland,W
4349,19871101,20150422,248.0,48.9569,9.071,Sachsenheim,Baden-Württemberg,S
4354,19850901,20150422,456.0,48.7832,13.3145,Saldenburg-Entschenreuth,Bayern,S
4364,19650101,19991231,138.0,52.0355,10.3054,Salzgitter-Ringelheim,Niedersachsen,N
4367,19920401,20061231,175.0,52.078,9.552,Salzhemmendorf-Lauenstein,Niedersachsen,N
4371,19350101,20150422,135.0,52.1042,8.7521,"Salzuflen, Bad",Nordrhein-Westfalen,W
4373,19470101,19661231,23.0,52.8568,11.143,Salzwedel,Sachsen-Anhalt,O
4377,19650101,20150422,510.0,50.3519,10.0032,Sandberg,Bayern,S
4393,19510101,20150422,5.0,54.3279,8.603,Sankt Peter-Ording,Schleswig-Holstein,N
4396,19510101,19601231,400.0,49.4672,7.2036,Sankt Wendel-Hof,Saarland,W
4397,19780201,20051231,400.0,49.5025,7.202,Sankt Wendel-Urweiler,Saarland,W
4401,19500101,19800630,81.0,51.6334,8.1872,"Sassendorf, Bad-Ostinghausen",Nordrhein-Westfalen,W
4411,19791201,20150422,155.0,49.9195,8.9671,Schaafheim-Schlierbach,Hessen,W
4419,19470101,20041231,212.0,47.9558,7.7134,Schallstadt-Mengen,Baden-Württemberg,S
4425,19510101,19651231,569.0,49.4864,7.029,Schaumberg-Tholey,Saarland,W
4433,19870101,20041231,519.0,48.1994,9.77,Schemmerhofen-Ingerkingen,Baden-Württemberg,S
4436,19470101,19511231,314.0,50.8166,9.846,Schenklengsfeld,Hessen,W
4438,19921201,20061231,317.0,49.975,11.0395,Scheßlitz,Bayern,S
4442,19810101,20071231,155.0,51.9119,9.1533,Schieder,Nordrhein-Westfalen,W
4445,19470101,20150422,609.0,51.7658,10.6533,Wernigerode-Schierke,Sachsen-Anhalt,O
4464,19890801,20150422,501.0,50.5679,11.8041,Schleiz,Thüringen,O
4466,19470101,20150422,43.0,54.5275,9.5486,Schleswig,Schleswig-Holstein,N
4468,19530101,19730731,19.0,54.5227,9.5649,Schleswig-Stadtfeld,Schleswig-Holstein,N
4474,19540101,19731231,170.0,49.7961,7.7583,Schlossböckelheim,Rheinland-Pfalz,W
4479,19540101,19850930,375.0,50.3849,9.5358,Schlüchtern-Kloster Gomfritz,Hessen,W
4480,19851001,20150422,230.0,50.3444,9.5539,Schlüchtern-Herolz,Hessen,W
4484,19610101,19710331,45.0,53.6615,10.2543,Schmalenbeck,Schleswig-Holstein,N
4485,20050201,20150422,296.0,50.7252,10.454,"Schmalkalden, Kurort",Thüringen,O
4489,19470101,19621231,198.0,51.8833,10.7667,Schmatzfeld,Sachsen-Anhalt,O
4490,19660101,20021231,223.0,49.422,6.8396,Schmelz-Hüttersdorf,Saarland,W
4501,19471101,20150422,937.0,50.6546,10.7693,Schmücke,Thüringen,O
4508,19530101,20150422,649.0,50.2988,6.4165,Schneifelforsthaus,Rheinland-Pfalz,W
4548,20070701,20150422,609.0,50.2046,12.1435,Selb/Oberfranken-Lauterbach,Bayern,S
4557,19530101,20021031,400.0,47.6463,7.8435,Schopfheim-Eichen,Baden-Württemberg,S
4559,19960501,20150422,399.0,49.1646,12.6176,Schorndorf-Knöbling,Bayern,S
4560,19490101,20150422,265.0,50.4927,9.1228,Schotten,Hessen,W
4571,19690601,19970331,504.0,51.8369,10.4312,Schulenberg,Niedersachsen,N
4576,19770401,19810731,343.0,49.3261,11.012,Schwabach (A),Bayern,S
4581,19510101,20021031,415.0,48.7768,9.8025,Schwäbisch Gmünd-Strassdorf,Baden-Württemberg,S
4582,19830401,20010731,349.0,49.0817,9.6868,Schwäbisch Hall-Bibersfeld,Baden-Württemberg,S
4584,19700401,19790531,444.0,48.3667,11.8,Schwaigermoos,Bayern,S
4586,19910101,19980630,320.0,50.1394,8.0627,"Schwalbach, Bad",Hessen,W
4592,19510101,20150422,356.0,49.3278,12.0871,Schwandorf,Bayern,S
4593,19950701,19991130,117.0,51.9639,11.1208,Schwanebeck,Sachsen-Anhalt,O
4597,19450101,20101231,792.0,47.5769,10.7181,Schwangau-Horn,Bayern,S
4605,19910101,20150422,277.0,50.6444,11.1933,Schwarzburg,Thüringen,O
4621,19580501,20031231,240.0,50.0575,10.216,Schweinfurt-Gartenstadt,Bayern,S
4625,18900101,20150422,59.0,53.6425,11.3872,Schwerin,Mecklenburg-Vorpommern,O
4629,19740701,19991130,37.0,54.5166,9.142,Schwesing,Schleswig-Holstein,N
4642,19761001,20150422,21.0,52.8911,11.7297,Seehausen,Sachsen-Anhalt,O
4649,19470101,19560531,214.0,50.8698,7.3228,Seelscheid,Nordrhein-Westfalen,W
4651,19370101,20150422,186.0,51.9044,10.1888,Seesen,Niedersachsen,N
4656,19510101,19730630,49.0,53.9278,10.2993,"Segeberg, Bad",Schleswig-Holstein,N
4664,19410101,20000630,611.0,50.1969,12.1727,Selb/Oberfranken-Wildenau,Bayern,S
4692,19370101,20150422,229.0,50.8534,7.9966,Siegen (Kläranlage),Nordrhein-Westfalen,W
4702,20000702,20071101,645.0,48.1,9.25,Sigmaringen (Flugplatz),Baden-Württemberg,S
4703,19510101,20150422,580.0,48.0719,9.1942,Sigmaringen-Laiz,Baden-Württemberg,S
4704,19880501,20150422,507.0,47.5776,9.7404,Sigmarszell-Zeisertsweiler,Bayern,S
4705,19470101,19531210,819.0,49.7595,12.3891,Silberhütte,Bayern,S
4706,19810101,20150422,360.0,48.2719,13.0273,Simbach/Inn,Bayern,S
4709,19480101,20150422,445.0,49.9996,7.5981,Simmern-Wahlbach,Rheinland-Pfalz,W
4719,19980101,20070828,169.0,49.2447,8.8787,Sinsheim,Baden-Württemberg,S
4729,19890701,20040229,342.0,50.2882,9.4583,Steinau-Seidenroth,Hessen,W
4741,19360101,20021231,154.0,51.1398,7.0934,Solingen-Hohenscheid,Nordrhein-Westfalen,W
4745,19470721,20150422,76.0,52.9604,9.7931,Soltau,Niedersachsen,N
4748,19470101,20101231,216.0,51.352,10.9059,Sondershausen,Thüringen,O
4752,19510101,20080630,626.0,50.3746,11.1828,Sonneberg-Neufang,Thüringen,O
4763,19610101,20150422,265.0,51.0607,9.9266,Sontra,Hessen,W
4765,19510101,19801231,199.0,51.2801,9.9849,"Sooden-Allendorf, Bad",Hessen,W
4775,19520101,19651231,424.0,49.7858,11.8211,Speinshart,Bayern,S
4782,19910101,19911231,87.0,51.604,12.1093,Spören-Prussendorf,Sachsen-Anhalt,O
4818,19640401,20001231,598.0,50.1531,11.7403,Stammbach-Querenbach,Bayern,S
4837,19851201,19900930,363.0,47.9869,7.9466,Stegen,Baden-Württemberg,S
4841,19981001,20150422,1.0,53.6946,8.8735,"Steinau, Kr. Cuxhaven",Niedersachsen,N
4847,19700101,19751231,500.0,51.3629,9.6902,Steinberg,Niedersachsen,N
4857,19901101,20150422,1.0,53.5512,9.6082,Mittelnkirchen-Hohenfelde,Niedersachsen,N
4878,19470101,20131210,494.0,51.6681,10.8823,Oberharz am Brocken-Stiege,Sachsen-Anhalt,O
4881,19771001,19940731,532.0,47.8591,9.0154,Stockach,Baden-Württemberg,S
4887,19470101,20150422,734.0,48.6657,9.8646,Stötten,Baden-Württemberg,S
4896,19741201,20150422,40.0,54.665,9.8035,Wagersrott,Schleswig-Holstein,N
4911,19510101,20150422,350.0,48.8275,12.5598,Straubing,Bayern,S
4926,19460101,20130513,224.0,48.7896,9.2167,Stuttgart (Neckartal),Baden-Württemberg,S
4927,19510101,19840731,286.0,48.7693,9.1814,Stuttgart-Stadt,Baden-Württemberg,S
4928,19580101,20150422,314.0,48.8282,9.2,Stuttgart (Schnarrenberg),Baden-Württemberg,S
4931,19530101,20150422,371.0,48.6883,9.2235,Stuttgart-Echterdingen,Baden-Württemberg,S
4933,19000101,19770630,401.0,48.7137,9.2092,Stuttgart-Hohenheim,Baden-Württemberg,S
4977,19930101,20020430,45.0,52.5447,11.9724,Tangermünde,Sachsen-Anhalt,O
4978,19860101,20150422,395.0,50.639,10.0228,Tann/Rhön,Hessen,W
4987,19860501,20040630,179.0,49.6122,9.6747,Tauberbischofsheim-Dittigheim,Baden-Württemberg,S
4997,19941001,20150422,193.0,50.9777,12.3432,Starkenberg-Tegkwitz,Thüringen,O
5009,19470101,20150422,38.0,53.761,12.5574,Teterow,Mecklenburg-Vorpommern,O
5014,19520101,20150422,7.0,53.2758,8.9857,Worpswede-Hüttenbusch,Niedersachsen,N
5017,19480101,20150422,633.0,50.4002,11.3889,Teuschnitz,Bayern,S
5024,19470101,19501231,61.0,52.2333,12.05,Theeßen,Sachsen-Anhalt,O
5029,19750601,20150422,386.0,49.4738,7.0386,Tholey,Saarland,W
5032,19860501,20031231,195.0,49.885,9.8463,Thüngersheim,Bayern,S
5039,19910101,19981231,236.0,50.843,10.1613,Tiefenort,Thüringen,O
5046,19670101,20150422,500.0,49.8578,12.3541,Tirschenreuth-Lodermühl,Bayern,S
5047,19480101,19951231,870.0,47.9394,8.1933,Titisee-Neustadt-Langenordnach,Baden-Württemberg,S
5059,19821001,20021231,781.0,47.728,7.9988,Todtmoos,Baden-Württemberg,S
5063,19360101,20070531,724.0,47.7566,11.5819,"Tölz, Bad",Bayern,S
5064,19540101,20150422,37.0,51.2898,6.4443,Tönisvorst,Nordrhein-Westfalen,W
5067,19370101,19660930,491.0,51.7643,9.5628,Torfhaus im Solling,Niedersachsen,N
5074,19360101,19601231,626.0,47.8663,12.6566,Traunstein-Sparz,Bayern,S
5075,19711001,20040630,635.0,47.8516,12.6182,Traunstein-Axdorf,Bayern,S
5078,19400101,20010930,2.0,53.9619,10.8892,Travemünde,Schleswig-Holstein,N
5088,19910101,20001231,3.0,54.5337,13.246,Trent,Mecklenburg-Vorpommern,O
5097,19910101,20150422,10.0,54.0661,12.7675,Tribsees,Mecklenburg-Vorpommern,O
5099,19070501,20150422,132.0,49.7326,6.6131,Trier-Zewen,Rheinland-Pfalz,W
5100,19480101,20150422,265.0,49.7479,6.6582,Trier-Petrisberg,Rheinland-Pfalz,W
5105,19470101,19730228,700.0,48.3132,9.2472,Trochtelfingen,Baden-Württemberg,S
5107,19880601,20031231,769.0,48.2813,9.3136,Trochtelfingen-Wilsingen,Baden-Württemberg,S
5109,20000701,20150422,69.0,53.5997,13.3039,Trollenhagen,Mecklenburg-Vorpommern,O
5111,19450101,20150422,559.0,48.031,12.5396,Trostberg,Bayern,S
5120,19500101,19820430,370.0,48.5198,9.0515,Tübingen,Baden-Württemberg,S
5127,19910201,20031231,649.0,48.0083,8.8179,Tuttlingen,Baden-Württemberg,S
5128,19810601,19901231,675.0,47.9552,8.7565,Tuttlingen-Möhringen,Baden-Württemberg,S
5133,19980601,20150422,295.0,51.3343,8.9132,Twistetal-Mühlhausen,Hessen,W
5138,19460101,20031231,446.0,47.7713,9.1562,Überlingen/Bodensee,Baden-Württemberg,S
5142,19470101,20150422,1.0,53.7444,14.0697,Ueckermünde,Mecklenburg-Vorpommern,O
5146,19510101,20150422,50.0,52.9413,10.5287,Uelzen,Niedersachsen,N
5149,19510301,20150422,308.0,49.5742,10.1916,Gollhofen,Bayern,S
5155,19440101,20140831,567.0,48.3837,9.9524,Ulm,Baden-Württemberg,S
5158,19871201,20150422,162.0,52.1601,11.1759,Ummendorf,Sachsen-Anhalt,O
5165,19480201,20061231,95.0,52.8499,10.2898,Unterlüß,Niedersachsen,N
5185,19711101,20061231,291.0,49.5933,11.0704,Uttenreuth,Bayern,S
5229,19470101,20150422,720.0,48.0452,8.4608,Villingen-Schwenningen,Baden-Württemberg,S
5236,19590101,19791231,51.0,52.8318,8.3112,Visbek,Niedersachsen,N
5244,19610101,19820228,220.0,49.2581,6.8612,Völklingen-Stadt,Saarland,W
5250,19360101,20031231,223.0,48.0908,7.6353,Vogtsburg-Oberrotweil,Baden-Württemberg,S
5252,19470101,19571231,100.0,52.103,9.5845,Voldagsen,Niedersachsen,N
5267,19630601,19751231,86.0,52.0722,11.0222,Wackersleben,Sachsen-Anhalt,O
5275,19851001,20150422,105.0,49.2447,8.5373,Waghäusel-Kirrlach,Baden-Württemberg,S
5277,19980101,20090630,349.0,50.8113,9.1275,Wahlen,Hessen,W
5279,19510101,20150422,176.0,51.6184,9.5761,Wahlsburg-Lippoldsberg,Hessen,W
5280,19810401,20150422,35.0,53.9223,10.2268,Wittenborn,Schleswig-Holstein,N
5282,19170101,19740630,246.0,51.1197,13.6744,Wahnsdorf bei Dresden,Sachsen,O
5284,19780101,19911231,224.0,48.8279,9.3228,Waiblingen,Baden-Württemberg,S
5291,19480101,19611231,1005.0,47.976,8.1558,Waldau-Jostal,Baden-Württemberg,S
5296,19470101,19890430,376.0,51.207,9.0658,Waldeck,Hessen,W
5300,19510101,20150422,380.0,50.2599,8.3602,Waldems-Reinborn,Hessen,W
5306,19711201,20031231,940.0,48.9293,13.4641,Waldhäuser (National Park),Bayern,S
5317,19490101,19571231,509.0,50.0097,12.2979,Waldsassen,Bayern,S
5320,19530101,19910630,330.0,47.6172,8.2388,Waldshut,Baden-Württemberg,S
5335,19910101,20150422,348.0,50.8963,10.5484,Waltershausen,Thüringen,O
5344,19410301,20061231,3.0,53.787,7.9066,Wangerooge,Niedersachsen,N
5347,19980101,20150422,236.0,51.504,9.1118,Warburg,Nordrhein-Westfalen,W
5349,19470101,20150422,73.0,53.5196,12.6654,Waren (Müritz),Mecklenburg-Vorpommern,O
5361,19490101,20051231,270.0,50.6271,9.442,Wartenberg-Angersbach,Hessen,W
5369,19490101,19931231,443.0,48.0572,12.2202,Wasserburg,Bayern,S
5371,19360101,20150422,921.0,50.4973,9.9428,Wasserkuppe,Hessen,W
5377,19480101,19530930,1923.0,47.5714,12.9337,Watzmannhaus,Bayern,S
5397,19470101,20150422,440.0,49.6663,12.1845,Weiden,Bayern,S
5398,19480101,19710630,425.0,49.1965,10.6487,"Weidenbach, Kr.Ansbach",Bayern,S
5403,19911101,20041231,309.0,49.59,10.2588,Weigenheim-Reusch,Bayern,S
5404,19310101,20150422,477.0,48.4025,11.6946,Weihenstephan-Dürnast,Bayern,S
5410,19470101,19930630,150.0,50.4732,8.2588,Weilburg (Kläranlage),Hessen,W
5419,19510101,20070630,264.0,50.9744,11.308,Weimar,Thüringen,O
5424,19910101,20150422,325.0,51.0179,11.3542,Weimar-Schöndorf,Thüringen,O
5426,19530101,20150422,553.0,49.3758,8.1213,Weinbiet,Rheinland-Pfalz,W
5429,19530101,19840630,219.0,49.1512,9.292,Weinsberg,Baden-Württemberg,S
5433,19570101,20150422,380.0,49.5534,6.812,Weiskirchen/Saar,Saarland,W
5434,19510101,19920531,317.0,50.0858,11.2364,Weismain,Bayern,S
5435,19810101,20031231,455.0,48.8459,8.9079,Weissach,Baden-Württemberg,S
5440,19360101,20150422,439.0,49.0114,10.9319,Weißenburg-Emetzheim,Bayern,S
5442,19910101,20051231,115.0,51.2165,11.971,Weißenfels,Sachsen-Anhalt,O
5445,19910101,20071231,165.0,51.212,10.9956,Weißensee-Ottenhausen,Thüringen,O
5453,19920601,20031231,173.0,48.188,7.6977,Weisweil-Waldeckhof,Baden-Württemberg,S
5460,19781201,19840731,655.0,48.1477,8.6954,Wellendingen,Baden-Württemberg,S
5463,19941201,20000131,58.0,52.0654,14.6898,Wellmitz,Brandenburg,O
5467,19510101,20120920,1832.0,47.7035,12.0119,Wendelstein,Bayern,S
5480,20030910,20150422,85.0,51.5765,7.888,Werl,Nordrhein-Westfalen,W
5488,19490101,19860331,216.0,49.9622,10.0482,"Mühlhausen, Kr. Schweinfurt",Bayern,S
5490,19470101,20150422,234.0,51.8454,10.7686,Wernigerode,Sachsen-Anhalt,O
5498,19470710,20041130,140.0,49.7667,9.5428,Wertheim-Eichel,Baden-Württemberg,S
5514,19360101,19611231,3.0,54.8991,8.3123,Westerland,Schleswig-Holstein,N
5516,19480101,20150422,3.0,54.5284,11.0605,Fehmarn,Schleswig-Holstein,N
5538,19990201,20150422,550.0,47.8827,11.1576,Wielenbach (Demollstr.),Bayern,S
5541,19870601,20150422,263.0,50.1321,8.3169,Wiesbaden-Auringen,Hessen,W
5543,19600101,19860731,235.0,50.0863,8.1872,Wiesbaden-Dotzheim,Hessen,W
5546,19860601,20150422,187.0,52.1207,12.4585,Wiesenburg,Brandenburg,O
5559,19490101,20010630,385.0,48.7848,8.5764,"Wildbad, Bad-Calmbach",Baden-Württemberg,S
5562,19950401,20150422,570.0,48.6516,8.6801,Neubulach-Oberhaugstett,Baden-Württemberg,S
5568,19470101,20010331,310.0,51.1056,9.1081,"Wildungen, Bad",Hessen,W
5575,19530101,19980630,1.0,53.5901,8.106,Wilhelmshaven,Niedersachsen,N
5582,19400101,20051231,580.0,51.294,8.6026,Willingen/Upland,Hessen,W
5609,19940801,20020331,240.0,48.8032,9.4697,"Winterbach, Rems-Murr-Kreis",Baden-Württemberg,S
5624,19470101,19501231,13.0,53.9026,11.4254,Wismar,Mecklenburg-Vorpommern,O
5629,19470101,20150422,105.0,51.8892,12.6445,Wittenberg,Sachsen-Anhalt,O
5640,20000701,20150422,8.0,53.5504,7.6672,Wittmundhafen,Niedersachsen,N
5642,20000702,20010928,72.0,53.1833,12.5167,Wittstock,Brandenburg,O
5643,19940301,20150422,66.0,53.1864,12.4949,Wittstock-Rote Mühle,Brandenburg,O
5644,19480101,19990831,133.0,51.3493,9.8438,Witzenhausen,Hessen,W
5654,19480701,20071231,464.0,49.2178,10.2296,Wörnitz-Bottenweiler,Bayern,S
5663,19790101,19901231,118.0,53.4618,13.6099,Woldegk,Mecklenburg-Vorpommern,O
5664,19580101,20150422,291.0,48.2953,8.2391,Wolfach,Baden-Württemberg,S
5675,19610101,19810331,56.0,52.4411,10.7587,Wolfsburg,Niedersachsen,N
5676,19810401,20150422,82.0,52.3961,10.6898,Wolfsburg (Südwest),Niedersachsen,N
5681,19810901,19981231,200.0,49.5811,7.6234,Wolfstein/Pfalz,Rheinland-Pfalz,W
5692,19360101,20150422,88.0,49.6051,8.3659,Worms,Rheinland-Pfalz,W
5703,19510101,19860131,170.0,49.7964,9.8949,Würzburg (Klärwerk),Bayern,S
5705,19470101,20150422,268.0,49.7703,9.9577,Würzburg,Bayern,S
5707,19010101,19530131,175.0,49.7995,9.928,Würzburg (Physikalisches-Institut),Bayern,S
5715,20000701,20150422,57.0,52.4605,9.4311,Wunstorf,Niedersachsen,N
5717,19370101,20150422,130.0,51.2248,7.1053,Wuppertal-Buchenhofen,Nordrhein-Westfalen,W
5719,20041001,20091210,235.0,51.2051,7.2,Remscheid,Nordrhein-Westfalen,W
5728,19520401,19811231,35.0,52.8039,12.8714,Wustrau-Ziethenhorst,Brandenburg,O
5731,19610101,20150422,398.0,47.678,8.3799,Wutöschingen-Ofteringen,Baden-Württemberg,S
5732,18870701,20030630,8.0,54.6928,8.5271,Wrixum/Föhr,Schleswig-Holstein,N
5745,19480701,20150422,51.0,52.9664,13.3268,Zehdenick,Brandenburg,O
5750,19910101,20150422,170.0,51.0314,12.1495,Zeitz,Sachsen-Anhalt,O
5761,19031101,19801231,69.0,51.9642,12.0996,Zerbst,Sachsen-Anhalt,O
5778,19910101,20040731,2.0,54.0801,13.8989,Zinnowitz,Mecklenburg-Vorpommern,O
5779,19710101,20150422,877.0,50.7314,13.7516,Zinnwald-Georgenfeld,Sachsen,O
5792,19000801,20150422,2964.0,47.4209,10.9847,Zugspitze,Bayern,S
5797,19950101,20150422,353.0,50.688,12.4328,Lichtentanne,Sachsen,O
5800,19980101,20150422,615.0,49.028,13.2385,Zwiesel,Bayern,S
5802,19480101,20030930,615.0,49.0007,13.2137,Zwieselberg,Bayern,S
5821,19610101,19761231,36.0,52.8482,8.719,Bassum (A),Niedersachsen,N
5822,19751001,20150422,40.0,52.8629,8.6982,Bassum,Niedersachsen,N
5825,19910101,20150422,40.0,52.6198,12.7867,Berge,Brandenburg,O
5832,19460101,19541130,50.0,53.1007,11.0455,Dannenberg,Niedersachsen,N
5839,19970701,20150422,-0.0,53.3881,7.2287,Emden,Niedersachsen,N
5856,19970103,20150422,476.0,48.5451,13.3531,Fürstenzell,Bayern,S
5871,19981101,20150422,497.0,49.9462,7.2645,Hahn,Rheinland-Pfalz,W
5885,19510101,19770531,289.0,48.6582,9.4203,Kirchheim/Teck-Ötlingen,Baden-Württemberg,S
5890,19510101,19910731,850.0,47.6777,11.0473,"Kohlgrub, Bad (A)",Bayern,S
5904,19780501,20050131,431.0,48.6493,11.7772,Mainburg,Bayern,S
5906,19360101,20150422,96.0,49.509,8.5541,Mannheim,Baden-Württemberg,S
5912,19500101,20031231,254.0,51.1318,9.5189,Melsungen-Bürstoß,Hessen,W
5920,19500101,19970731,91.0,50.4485,7.4275,Neuwied,Rheinland-Pfalz,W
5930,19980101,20150422,2.0,54.641,10.0238,Schönhagen (Ostseebad),Schleswig-Holstein,N
5941,19450101,20150422,685.0,47.6752,12.4696,Reit im Winkl,Bayern,S
5971,19510101,19630228,510.0,48.8787,9.6342,Welzheim (A),Baden-Württemberg,S
6086,19971201,20000630,71.0,52.7786,13.759,Melchow-Schönholz,Brandenburg,O
6093,19980201,20150422,62.0,53.2138,10.4704,Wendisch Evern,Niedersachsen,N
6095,19980501,19990930,273.0,51.0838,13.4486,Taubenheim-Seeligstadt,Sachsen,O
6105,19980601,20150422,14.0,54.3192,9.8052,Ostenfeld (Rendsburg),Schleswig-Holstein,N
6109,19981001,20150422,50.0,53.3837,14.3728,Grambow-Schwennenz,Mecklenburg-Vorpommern,O
6110,19980901,20040831,11.0,53.8542,13.4949,Medow-Wussentin,Mecklenburg-Vorpommern,O
6112,19981001,20000131,2.0,54.267,13.143,Stralsund-Devin,Mecklenburg-Vorpommern,O
6129,19990501,20150422,290.0,51.0594,14.4262,Sohland/Spree,Sachsen,O
6157,19990201,20150422,8.0,53.6409,8.081,Wangerland-Hooksiel,Niedersachsen,N
6158,19990701,20150422,455.0,49.2247,10.6084,Weidenbach-Weiherschneidbach,Bayern,S
6159,19590301,20150422,8.0,52.9542,7.3196,Dörpen,Niedersachsen,N
6163,19991004,20150422,26.0,54.1654,10.3519,Dörnick,Schleswig-Holstein,N
6170,20000201,20150422,40.0,52.0192,14.7254,Coschen,Brandenburg,O
6182,20000401,20120326,404.0,48.7757,12.1743,Mallersdorf-Pfaffenberg,Bayern,S
6184,20000701,20090615,6.0,53.5333,8.1667,Wilhelmshaven (Flugplatz),Niedersachsen,N
6186,20000401,20150422,268.0,50.1988,7.8647,Nastätten,Rheinland-Pfalz,W
6196,20000901,20011130,610.0,50.1587,12.0386,Selb-Spielberg,Bayern,S
6197,20001011,20150422,258.0,51.8664,9.2709,Lügde-Paenbruch,Nordrhein-Westfalen,W
6199,20000801,20150422,16.0,54.2484,13.0418,Steinhagen-Negast,Mecklenburg-Vorpommern,O
6217,20010401,20150422,190.0,49.2406,6.9351,Saarbrücken-Burbach,Saarland,W
6219,20010701,20011031,394.0,48.8768,11.1043,Dollnstein-Breitenfurt,Bayern,S
6258,20030101,20150422,459.0,47.6845,9.4409,Friedrichshafen-Unterraderach,Baden-Württemberg,S
6259,20040601,20150422,523.0,49.021,9.6032,Großerlach-Mannenweiler,Baden-Württemberg,S
6260,20021201,20150422,385.0,49.3325,9.7039,Ingelfingen-Stachenhausen,Baden-Württemberg,S
6262,20021101,20150422,413.0,48.7696,9.8738,Schwäbisch Gmünd-Weiler,Baden-Württemberg,S
6263,20040701,20150422,445.0,47.7738,8.8218,Singen,Baden-Württemberg,S
6264,20040601,20150422,457.0,51.4143,8.6498,Brilon-Thülen,Nordrhein-Westfalen,W
6265,20040501,20150422,36.0,52.3613,12.3867,Wusterwitz,Brandenburg,O
6266,20040901,20150422,112.0,52.0305,10.9625,Pabstorf,Sachsen-Anhalt,O
6272,20041001,20150422,283.0,50.8424,10.2516,Moorgrund Gräfen-Nitzendorf,Thüringen,O
6273,20040601,20150422,36.0,52.5072,11.8549,Demker,Sachsen-Anhalt,O
6275,20040701,20150422,325.0,48.6707,9.4625,Notzingen,Baden-Württemberg,S
6304,20021001,20061231,550.0,49.3533,11.5053,Pilsach-Litzlohe,Bayern,S
6305,20041201,20150422,190.0,51.2065,10.4948,Mühlhausen/Thüringen-Görmar,Thüringen,O
6310,20040801,20150422,1.0,54.1049,13.8239,Karlshagen,Mecklenburg-Vorpommern,O
6312,20041101,20150422,362.0,49.5314,10.6418,Markt Erlbach-Mosbach,Bayern,S
6314,19490201,20150422,308.0,51.0507,13.3008,Nossen,Sachsen,O
6336,20051101,20150422,285.0,50.0133,9.6539,Lohr/Main-Halsbach,Bayern,S
6337,20040801,20150422,59.0,51.7663,7.5193,Lüdinghausen-Brochtrup,Nordrhein-Westfalen,W
6344,20041201,20150422,168.0,50.394,8.1423,Runkel-Ennerich,Hessen,W
6346,20050201,20150422,530.0,48.2072,11.2034,Maisach-Galgen,Bayern,S
6347,20050301,20150422,304.0,50.0578,10.2974,Schonungen-Mainberg,Bayern,S
7075,20050201,20150422,425.0,48.7021,11.8494,Elsendorf-Horneck,Bayern,S
7099,20041101,20150422,187.0,52.0111,10.3966,Liebenburg-Othfresen,Niedersachsen,N
7105,20050601,20150422,721.0,47.8349,12.6549,Siegsdorf-Höll,Bayern,S
7106,20060901,20150422,105.0,52.0714,8.4568,Bielefeld-Deppendorf,Nordrhein-Westfalen,W
7187,20041201,20150422,193.0,49.7636,9.4053,Freudenberg/Main-Boxtal,Baden-Württemberg,S
7244,19670101,20040930,62.0,53.1424,13.0319,Neuglobsow (HM),Brandenburg,O
7298,20050701,20150422,5.0,54.5266,9.0425,Hattstedt,Schleswig-Holstein,N
7319,20050301,20150422,434.0,48.7351,10.7415,Donauwörth-Osterweiler,Bayern,S
7321,20050901,20150422,160.0,51.1509,11.3319,Olbersleben,Thüringen,O
7325,20110901,20150422,2650.0,47.4167,10.9794,Schneefernerhaus,Bayern,S
7329,20051101,20150422,465.0,50.5457,12.2852,Treuen,Sachsen,O
7330,20051001,20150421,159.0,51.4634,7.978,Arnsberg-Neheim,Nordrhein-Westfalen,W
7331,20050901,20150422,468.0,48.6096,10.2682,Hermaringen-Allewind,Baden-Württemberg,S
7341,20050715,20150422,119.0,50.09,8.7862,Offenbach-Wetterpark,Hessen,W
7343,20060401,20150422,688.0,50.6199,13.4816,Deutschneudorf-Brüderwiese,Sachsen,O
7350,20060801,20150422,588.0,49.1087,12.8231,Prackenbach-Neuhäusl,Bayern,S
7351,20050908,20150422,115.0,53.3175,13.4175,Feldberg/Mecklenburg,Mecklenburg-Vorpommern,O
7364,20070101,20150422,74.0,51.682,12.3042,Jeßnitz,Sachsen-Anhalt,O
7367,20071201,20150422,144.0,51.9644,9.8072,Alfeld,Niedersachsen,N
7368,20071101,20150422,312.0,51.0007,10.3621,Eisenach,Thüringen,O
7369,20071101,20150422,475.0,49.1623,10.3662,Feuchtwangen-Heilbronn,Bayern,S
7370,20061211,20150422,499.0,49.3909,12.6838,Waldmünchen,Bayern,S
7373,20060301,20150422,3.0,53.5984,6.7024,Borkum-Flugplatz,Niedersachsen,N
7374,20060301,20150422,46.0,52.0814,6.941,Ahaus,Nordrhein-Westfalen,W
7389,20061201,20150422,82.0,52.7461,13.8427,Heckelberg,Brandenburg,O
7393,20100101,20150422,116.0,51.4493,14.2533,Hoyerswerda,Sachsen,O
7394,20060601,20150422,622.0,50.0315,11.9745,Wunsiedel-Schönbrunn,Bayern,S
7395,20071201,20150422,350.0,48.6596,12.5388,Gottfrieding,Bayern,S
7396,20080501,20150422,743.0,50.5084,9.2247,Hoherodskopf/Vogelsberg,Hessen,W
7403,20070401,20150422,672.0,47.7955,10.0324,Leutkirch-Herlazhofen,Baden-Württemberg,S
7410,20110201,20150422,350.0,50.7519,9.0226,Neu-Ulrichstein,Hessen,W
7412,20061001,20150422,340.0,50.0083,9.4239,Neuhütten/Spessart,Bayern,S
7419,20061201,20150422,390.0,50.661,12.0757,Langenwetzendorf-Göttendorf,Thüringen,O
7420,20070401,20150422,246.0,51.1043,11.711,Naumburg/Saale-Kreipitzsch,Sachsen-Anhalt,O
7424,20061201,20150422,458.0,47.7724,12.9073,Piding,Bayern,S
7427,20070901,20150422,17.0,54.019,9.9257,Padenstedt (Pony-Park),Schleswig-Holstein,N
7428,20070501,20150422,397.0,50.4166,10.8156,Veilsdorf,Thüringen,O
7431,20071101,20150422,604.0,48.0131,11.5525,Oberhaching-Laufzorn,Bayern,S
7432,20070501,20150422,72.0,52.6425,10.6631,Wittingen-Vorhop,Niedersachsen,N
13670,20070601,20150422,25.0,51.5087,6.7015,Duisburg-Baerl,Nordrhein-Westfalen,W
13674,20070801,20150422,237.0,49.2942,8.9054,Waibstadt,Baden-Württemberg,S
13675,20071101,20150422,77.0,52.0817,9.4072,Hameln-Hastenbeck,Niedersachsen,N
13696,20071201,20150422,68.0,51.5968,7.4048,Waltrop-Abdinghof,Nordrhein-Westfalen,W
13700,20080501,20150422,205.0,51.3329,7.3411,Gevelsberg-Oberbröking,Nordrhein-Westfalen,W
13710,20080401,20150422,490.0,48.5734,12.2574,Landshut-Reithof,Bayern,S
13711,20071201,20150422,280.0,50.6813,11.515,Krölpa-Rockendorf,Thüringen,O
13713,20071101,20150422,380.0,51.0898,7.6289,Meinerzhagen-Redlendorf,Nordrhein-Westfalen,W
13776,20080301,20101231,85.0,52.1789,9.9524,Hildesheim-Drispenstedt,Niedersachsen,N
13777,20080601,20150422,110.0,52.2464,10.9589,Helmstedt-Emmerstedt,Niedersachsen,N
13903,20080928,20101202,15.0,54.0167,8.3167,Bake Zulu,Niedersachsen,N
13904,20080928,20081230,3.0,55.0,6.3333,Nordseeboje 2,Hamburg,N
14138,20090914,20150422,73.0,52.1655,14.1224,Falkenberg (Grenzschichtmessfeld),Brandenburg,O
14311,19610101,20051231,530.0,50.1505,6.5526,Hersdorf-Weißenseifen,Rheinland-Pfalz,W
15000,20110401,20150422,231.0,50.7982,6.0244,Aachen-Orsbach,Nordrhein-Westfalen,W
15207,20131101,20150422,317.0,51.2835,9.359,Schauenburg-Elgershausen,Hessen,W
15444,20140901,20150422,593.0,48.4418,9.9216,Ulm-Mähringen,Baden-Württemberg,S
