"","SID","yearCount","COR","von_datum","bis_datum","Statationshoehe","longitude","latitude","Stationsname","Bundesland","Lage"
"1",4933,41,0.409728245871227,19000101,19770630,401,48.7137,9.2092,"Stuttgart-Hohenheim","Baden-Württemberg","S"
"2",1270,39,0.391686684997194,19510101,20150422,316,50.9829,10.9608,"Erfurt-Weimar","Thüringen","O"
"3",5792,111,0.371549467985843,19000801,20150422,2964,47.4209,10.9847,"Zugspitze","Bayern","S"
"4",1346,68,0.296883066618585,19450101,20150422,1490,47.8749,8.0038,"Feldberg/Schwarzwald","Baden-Württemberg","S"
"5",850,36,0.29341955735923,19790101,20150422,39,52.5959,10.0296,"Celle","Niedersachsen","N"
"6",1612,39,0.265084211559181,19520101,20150422,311,50.8813,12.1289,"Gera-Leumnitz","Thüringen","O"
"7",3015,40,0.252176998906323,19060401,20150422,98,52.2085,14.118,"Lindenberg","Brandenburg","O"
"8",1832,32,0.226301410670896,19821101,20150422,1436,49.113,13.1342,"Großer Arber","Bayern","S"
"9",5890,41,0.179744580705655,19510101,19910731,850,47.6777,11.0473,"Kohlgrub, Bad (A)","Bayern","S"
"10",1358,40,0.16736697916718,19470101,20150422,1213,50.4283,12.9535,"Fichtelberg","Sachsen","O"
"11",5467,61,0.155128831195392,19510101,20120920,1832,47.7035,12.0119,"Wendelstein","Bayern","S"
"12",3244,53,0.140921598365998,19610101,20150422,615,47.982,10.1384,"Memmingen","Bayern","S"
"13",853,40,0.140471130397373,19470101,20150422,418,50.7913,12.872,"Chemnitz","Sachsen","O"
"14",5732,103,0.120599149549037,18870701,20030630,8,54.6928,8.5271,"Wrixum/Föhr","Schleswig-Holstein","N"
"15",3385,44,0.117485662921395,19550101,19990331,515,48.166,11.5011,"München-Nymphenburg","Bayern","S"
"16",3927,54,0.10297544406422,19580101,20150422,630,47.9344,9.2869,"Pfullendorf","Baden-Württemberg","S"
"17",863,90,0.0948546471293602,18900101,20120404,585,51.7904,10.347,"Clausthal-Zellerfeld","Niedersachsen","N"
"18",2319,32,0.0911742856156485,19821201,20150422,685,47.8823,11.6962,"Holzkirchen","Bayern","S"
"19",5120,32,0.0911474419754149,19500101,19820430,370,48.5198,9.0515,"Tübingen","Baden-Württemberg","S"
"20",1617,33,0.0855288384062049,19520101,20071231,210,51.7259,11.1317,"Gernrode","Sachsen-Anhalt","O"
"21",2665,44,0.0830398016909516,19360101,19841231,45,50.9615,6.9712,"Köln-Botanischer Garten","Nordrhein-Westfalen","W"
"22",142,60,0.0814162992323134,19550101,20150422,510,48.4059,11.3117,"Altomünster-Maisbrunn","Bayern","S"
"23",5282,50,0.0756786572724794,19170101,19740630,246,51.1197,13.6744,"Wahnsdorf bei Dresden","Sachsen","O"
"24",4091,36,0.0685038074466453,19620701,19980630,1640,47.7327,12.6827,"Rauschberg bei Ruhpolding","Bayern","S"
"25",2120,59,0.065626496641472,19470301,20061231,140,52.2164,11.0219,"Helmstedt","Niedersachsen","N"
"26",217,43,0.0644017173805618,19710401,20150422,672,47.8774,11.3642,"Attenkam","Bayern","S"
"27",717,66,0.0624424061326489,19370101,20040630,443,51.3873,8.5737,"Brilon","Nordrhein-Westfalen","W"
"28",5296,42,0.0623030464743909,19470101,19890430,376,51.207,9.0658,"Waldeck","Hessen","W"
"29",3402,69,0.0618046465515344,19460101,20150422,750,48.3851,9.4837,"Münsingen-Apfelstetten","Baden-Württemberg","S"
"30",5731,53,0.0600785988908781,19610101,20150422,398,47.678,8.3799,"Wutöschingen-Ofteringen","Baden-Württemberg","S"
"31",238,54,0.0570991275374866,19510101,20041231,560,47.9699,9.6672,"Aulendorf-Spiegler","Baden-Württemberg","S"
"32",1492,45,0.054555268788562,19580101,20031231,852,47.7819,7.7348,"Malsburg-Marzell-Friedrichsheim","Baden-Württemberg","S"
"33",5664,57,0.0519603207907288,19580101,20150422,291,48.2953,8.2391,"Wolfach","Baden-Württemberg","S"
"34",2667,57,0.049588488845899,19570901,20150422,92,50.8646,7.1575,"Köln-Bonn","Nordrhein-Westfalen","W"
"35",3722,30,0.0442216933622404,19760401,20060531,484,48.2443,11.5528,"Oberschleißheim","Bayern","S"
"36",3307,69,0.0420817275639802,19460101,20150422,981,47.4778,11.2654,"Mittenwald-Buckelwiesen","Bayern","S"
"37",3366,60,0.039269284208987,19530101,20150422,406,48.2791,12.5024,"Mühldorf","Bayern","S"
"38",435,43,0.038730529865135,19640101,20061231,45,52.4289,13.2327,"Berlin-Zehlendorf","Berlin","O"
"39",2638,57,0.0381293912251277,19470101,20150422,973,48.1054,8.7549,"Klippeneck","Baden-Württemberg","S"
"40",722,40,0.0368008680161615,19470911,20150422,1134,51.7986,10.6183,"Brocken","Sachsen-Anhalt","O"
"41",3679,60,0.0367663442725558,19470101,20150422,518,47.6185,12.1666,"Kiefersfelden-Gach","Bayern","S"
"42",2543,40,0.0341425097734773,19680101,20081231,585,48.0916,10.8609,"Kaufering","Bayern","S"
"43",3856,44,0.0290706543318543,19490101,19930630,1010,47.6383,10.4313,"Oy-Mittelberg","Bayern","S"
"44",4887,68,0.0221745358892748,19470101,20150422,734,48.6657,9.8646,"Stötten","Baden-Württemberg","S"
"45",1440,31,0.019149020058522,19710501,20031231,481,48.2018,7.9336,"Freiamt-Ottoschwanden","Baden-Württemberg","S"
"46",3537,70,0.0179887524161492,19360101,20070831,26,54.0873,9.9791,"Neumünster","Schleswig-Holstein","N"
"47",2290,95,0.0170621138480931,17810101,20150422,977,47.8009,11.0109,"Hohenpeißenberg","Bayern","S"
"48",2949,53,0.0143472005280288,19470801,20020131,758,48.5396,9.5275,"Lenningen-Schopfloch","Baden-Württemberg","S"
"49",1833,36,0.0136588563764078,19470101,19821031,1307,49.0851,13.2801,"Grosser Falkenstein","Bayern","S"
"50",282,64,0.0135336748000447,19490101,20150422,240,49.8742,10.9206,"Bamberg","Bayern","S"
"51",2542,44,0.0128375105171604,19700501,20150422,716,47.8652,10.6007,"Kaufbeuren","Bayern","S"
"52",4018,33,0.00223951375984029,19510101,19830831,550,48.1877,11.2206,"Puch","Bayern","S"
"53",5371,71,0.00213893111029182,19360101,20150422,921,50.4973,9.9428,"Wasserkuppe","Hessen","W"
"54",5229,68,0.00137114266608463,19470101,20150422,720,48.0452,8.4608,"Villingen-Schwenningen","Baden-Württemberg","S"
"55",2497,67,-0.00179148742044512,19470101,20150422,505,50.5016,6.5262,"Kall-Sistig","Nordrhein-Westfalen","W"
"56",5111,70,-0.00828887305221962,19450101,20150422,559,48.031,12.5396,"Trostberg","Bayern","S"
"57",4094,64,-0.00853881179074722,19460101,20150422,440,47.8062,9.6206,"Weingarten, Kr. Ravensburg","Baden-Württemberg","S"
"58",2088,56,-0.0110019827275524,19470101,20050430,498,48.6765,10.1307,"Heidenheim/Brenz","Baden-Württemberg","S"
"59",4581,52,-0.0118746704533043,19510101,20021031,415,48.7768,9.8025,"Schwäbisch Gmünd-Strassdorf","Baden-Württemberg","S"
"60",1103,37,-0.013170426763913,19780101,20150422,592,48.1002,11.9872,"Ebersberg-Halbing","Bayern","S"
"61",4323,46,-0.0165263795957736,19690101,20150422,461,49.6467,7.8835,"Ruppertsecken","Rheinland-Pfalz","W"
"62",2474,33,-0.0171195908380476,19760101,20081231,91,50.9104,6.4093,"Jülich (Forsch.-Anlage)","Nordrhein-Westfalen","W"
"63",2601,67,-0.0200681766117363,19360101,20150422,826,50.2218,8.4469,"Kleiner Feldberg/Taunus","Hessen","W"
"64",2039,74,-0.0265896124453263,19360101,20150422,201,51.9,10.5701,"Harzburg, Bad","Niedersachsen","N"
"65",2211,76,-0.0304405666896789,19370101,20150422,295,50.7371,7.6528,"Hilgenroth","Rheinland-Pfalz","W"
"66",3974,44,-0.0310402713706369,19490301,19930630,368,49.5058,11.5142,"Pommelsbrunn","Bayern","S"
"67",4104,68,-0.0323723782735866,19470101,20150422,365,49.0424,12.1021,"Regensburg","Bayern","S"
"68",3527,68,-0.0395786917448998,19470101,20150422,500,50.8924,9.4053,"Neukirchen-Hauptschwenda","Hessen","W"
"69",2532,55,-0.0399228648837518,19510101,20131031,231,51.2963,9.4424,"Kassel","Hessen","W"
"70",1201,53,-0.0408006079166383,19470701,20001231,85,50.9281,6.5646,"Elsdorf/Erftkreis","Nordrhein-Westfalen","W"
"71",2814,64,-0.0420264651135804,19490101,20150422,685,48.5121,9.7645,"Merklingen","Baden-Württemberg","S"
"72",4709,65,-0.0423309285731382,19480101,20150422,445,49.9996,7.5981,"Simmern-Wahlbach","Rheinland-Pfalz","W"
"73",193,30,-0.0435980619600945,19680101,19971031,232,51.3845,9.082,"Arolsen-Neu Berich","Hessen","W"
"74",5361,57,-0.0442314946079281,19490101,20051231,270,50.6271,9.442,"Wartenberg-Angersbach","Hessen","W"
"75",881,54,-0.0490236607592108,19500101,20031231,423,49.0984,10.098,"Crailsheim-Alexandersreut","Baden-Württemberg","S"
"76",5433,57,-0.0502184875173758,19570101,20150422,380,49.5534,6.812,"Weiskirchen/Saar","Saarland","W"
"77",2349,53,-0.0521905139067737,19530101,20050831,1119,48.6136,8.2034,"Hornisgrinde","Baden-Württemberg","S"
"78",4300,49,-0.0525546833516217,19570201,20150422,588,48.1813,8.6351,"Rottweil","Baden-Württemberg","S"
"79",2488,57,-0.0534067147269228,19460101,20020930,516,48.7701,10.7876,"Kaisheim-Neuhof","Bayern","S"
"80",1875,52,-0.0537653466504885,19510101,20021231,492,48.9354,9.7364,"Gschwend, Kr. Ostalb","Baden-Württemberg","S"
"81",4664,56,-0.0545567671342061,19410101,20000630,611,50.1969,12.1727,"Selb/Oberfranken-Wildenau","Bayern","S"
"82",1238,46,-0.0579038373392352,19510101,19960930,144,50.9884,7.425,"Engelskirchen","Nordrhein-Westfalen","W"
"83",755,76,-0.0585986056124553,19350101,20150422,340,49.5181,9.3214,"Buchen, Kr. Neckar-Odenwald","Baden-Württemberg","S"
"84",5300,58,-0.0608376209698095,19510101,20150422,380,50.2599,8.3602,"Waldems-Reinborn","Hessen","W"
"85",5404,58,-0.0630908336647763,19310101,20150422,477,48.4025,11.6946,"Weihenstephan-Dürnast","Bayern","S"
"86",3730,78,-0.0638361636383296,19360101,20150422,806,47.3986,10.276,"Oberstdorf","Bayern","S"
"87",4125,58,-0.064891542538934,19450101,20061130,470,47.7238,12.874,"Reichenhall, Bad","Bayern","S"
"88",5941,65,-0.0650426894339746,19450101,20150422,685,47.6752,12.4696,"Reit im Winkl","Bayern","S"
"89",4703,63,-0.0658728015464304,19510101,20150422,580,48.0719,9.1942,"Sigmaringen-Laiz","Baden-Württemberg","S"
"90",4741,67,-0.0662930988209697,19360101,20021231,154,51.1398,7.0934,"Solingen-Hohenscheid","Nordrhein-Westfalen","W"
"91",1197,72,-0.0669496886932222,19410101,20150422,460,48.9895,10.1312,"Ellwangen-Rindelbach","Baden-Württemberg","S"
"92",1645,64,-0.0673237020105971,19490101,20150422,340,50.9656,9.05,"Gilserberg-Moischeid","Hessen","W"
"93",1300,70,-0.0674938089808347,19380101,20150422,351,51.254,8.1563,"Eslohe","Nordrhein-Westfalen","W"
"94",4651,75,-0.0686976941591961,19370101,20150422,186,51.9044,10.1888,"Seesen","Niedersachsen","N"
"95",2559,62,-0.0695396460571602,19520101,20150422,705,47.7233,10.3348,"Kempten","Bayern","S"
"96",5046,41,-0.0695581841696053,19670101,20150422,500,49.8578,12.3541,"Tirschenreuth-Lodermühl","Bayern","S"
"97",4557,50,-0.0701930271572445,19530101,20021031,400,47.6463,7.8435,"Schopfheim-Eichen","Baden-Württemberg","S"
"98",4592,62,-0.0769961528568313,19510101,20150422,356,49.3278,12.0871,"Schwandorf","Bayern","S"
"99",14311,45,-0.0771055003274865,19610101,20051231,530,50.1505,6.5526,"Hersdorf-Weißenseifen","Rheinland-Pfalz","W"
"100",151,67,-0.0778222646962693,19470101,20150421,383,49.4689,11.8547,"Amberg-Unterammersricht","Bayern","S"
"101",2947,52,-0.0800771363316302,19620401,20150422,286,51.1334,8.0352,"Lennestadt-Theten","Nordrhein-Westfalen","W"
"102",5397,66,-0.0816162636014242,19470101,20150422,440,49.6663,12.1845,"Weiden","Bayern","S"
"103",979,67,-0.0822643346822732,19470801,20150422,314,50.7313,8.2622,"Dillenburg","Hessen","W"
"104",3167,51,-0.0826283949414188,19621201,20150422,547,50.662,7.9602,"Marienberg, Bad","Rheinland-Pfalz","W"
"105",480,61,-0.0837039542780444,19450101,20061231,349,50.9198,8.5268,"Biedenkopf","Hessen","W"
"106",2092,38,-0.0839136379754018,19520201,19901231,496,50.1691,7.9949,"Heidenrod-Mappershain","Hessen","W"
"107",817,60,-0.0856001991608957,19521001,20150422,293,51.0306,8.8146,"Burgwald-Bottendorf","Hessen","W"
"108",1748,61,-0.0861136904804006,19360101,20050331,608,50.4788,9.262,"Grebenhain-Herchenhain","Hessen","W"
"109",5802,56,-0.0873668626792447,19480101,20030930,615,49.0007,13.2137,"Zwieselberg","Bayern","S"
"110",4445,40,-0.0876478601314401,19470101,20150422,609,51.7658,10.6533,"Wernigerode-Schierke","Sachsen-Anhalt","O"
"111",4240,44,-0.0889854766975267,19480101,19920930,440,50.6407,6.2058,"Roetgen","Nordrhein-Westfalen","W"
"112",2074,67,-0.090023429891471,19470101,20150422,522,48.3751,8.9801,"Hechingen","Baden-Württemberg","S"
"113",736,50,-0.0905861063703989,19470101,19991231,390,49.6303,7.1148,"Brücken","Rheinland-Pfalz","W"
"114",5568,50,-0.0909616730862543,19470101,20010331,310,51.1056,9.1081,"Wildungen, Bad","Hessen","W"
"115",3,76,-0.0916221523909976,18910101,20110331,202,50.7827,6.0941,"Aachen","Nordrhein-Westfalen","W"
"116",1468,64,-0.0936781575395773,19490101,20150422,797,48.4537,8.4091,"Freudenstadt","Baden-Württemberg","S"
"117",5306,32,-0.0967336952747633,19711201,20031231,940,48.9293,13.4641,"Waldhäuser (National Park)","Bayern","S"
"118",2483,60,-0.0994502254494726,19550101,20150422,839,51.1803,8.4891,"Kahler Asten","Nordrhein-Westfalen","W"
"119",5440,77,-0.101286901353677,19360101,20150422,439,49.0114,10.9319,"Weißenburg-Emetzheim","Bayern","S"
"120",953,51,-0.102414892318183,19500801,20150422,481,49.7619,7.0541,"Deuselbach","Rheinland-Pfalz","W"
"121",5155,58,-0.102582239661983,19440101,20140831,567,48.3837,9.9524,"Ulm","Baden-Württemberg","S"
"122",1964,60,-0.105553521139096,19520101,20150422,328,49.9445,6.3821,"Olsdorf","Rheinland-Pfalz","W"
"123",1550,77,-0.105749905475064,19360101,20150422,719,47.4831,11.0623,"Garmisch-Partenkirchen","Bayern","S"
"124",2761,40,-0.106190198335559,19510101,19901031,520,48.251,10.4163,"Krumbach-Edenhausen","Bayern","S"
"125",2260,57,-0.107897020122388,19490101,20061231,474,50.323,11.9077,"Hof (Stadt)","Bayern","S"
"126",3390,49,-0.108115950835628,19400101,19920516,529,48.1369,11.7094,"München-Riem","Bayern","S"
"127",2654,34,-0.109474666119226,19490101,19831031,200,49.0265,8.7554,"Knittlingen","Baden-Württemberg","S"
"128",132,34,-0.109535646947604,19531211,19870930,750,49.7725,12.3891,"Altglashütte","Bayern","S"
"129",867,60,-0.110997541548928,19470101,20150422,345,50.3067,10.968,"Lautertal-Oberlauter","Bayern","S"
"130",231,38,-0.112050439204421,19010101,19740430,490,48.3723,10.8948,"Augsburg (Sankt Stephan)","Bayern","S"
"131",5075,33,-0.112955821106107,19711001,20040630,635,47.8516,12.6182,"Traunstein-Axdorf","Bayern","S"
"132",2151,45,-0.11439341192521,19470101,19910831,215,51.0048,10.1705,"Herleshausen","Hessen","W"
"133",1735,57,-0.116104085112957,19570501,20150422,628,48.7893,13.6291,"Grainet-Rehberg","Bayern","S"
"134",3875,65,-0.118723517925095,19500101,20150422,549,49.1509,11.6897,"Parsberg/Oberpfalz-Eglwang","Bayern","S"
"135",2250,65,-0.11989123822859,19410101,20060731,403,49.1279,12.8645,"Höllenstein (Kraftwerk)","Bayern","S"
"136",3621,68,-0.12089952394565,19470101,20150422,435,48.8254,10.5066,"Reimlingen","Bayern","S"
"137",4287,67,-0.120985333593705,19470601,20150422,415,49.3847,10.1732,"Rothenburg ob der Tauber","Bayern","S"
"138",3739,65,-0.121074415410894,19481001,20150422,596,49.452,12.4366,"Oberviechtach","Bayern","S"
"139",3096,54,-0.121267848196938,19400101,19951231,444,51.2131,7.6359,"Lüdenscheid (Zeppelin-Gymnasium)","Nordrhein-Westfalen","W"
"140",3659,48,-0.123105311604185,19470101,19950228,627,50.3391,6.9501,"Nürburg","Rheinland-Pfalz","W"
"141",5654,59,-0.12343076903914,19480701,20071231,464,49.2178,10.2296,"Wörnitz-Bottenweiler","Bayern","S"
"142",2261,68,-0.124327514737524,19470101,20150422,565,50.3122,11.8761,"Hof","Bayern","S"
"143",2925,31,-0.125058297553279,19570101,20150422,356,51.3933,10.3123,"Leinefelde","Thüringen","O"
"144",2750,65,-0.125811889725486,19490101,20150422,312,50.2524,11.3208,"Kronach","Bayern","S"
"145",4818,36,-0.129272315770296,19640401,20001231,598,50.1531,11.7403,"Stammbach-Querenbach","Bayern","S"
"146",5017,66,-0.130974175179648,19480101,20150422,633,50.4002,11.3889,"Teuschnitz","Bayern","S"
"147",4377,50,-0.134875970475859,19650101,20150422,510,50.3519,10.0032,"Sandberg","Bayern","S"
"148",1689,68,-0.135522765198021,19360101,20040630,443,49.7656,11.3061,"Gößweinstein","Bayern","S"
"149",5426,54,-0.13631401879922,19530101,20150422,553,49.3758,8.1213,"Weinbiet","Rheinland-Pfalz","W"
"150",3836,36,-0.136325398412395,19720501,20150422,312,50.4538,10.221,"Ostheim v.d. Rhön","Bayern","S"
"151",703,49,-0.137626977627102,19370101,19850531,5,53.4779,9.1553,"Bremervörde (A)","Niedersachsen","N"
"152",656,64,-0.138710061004579,19360101,20150422,607,51.7234,10.6021,"Braunlage","Niedersachsen","N"
"153",4508,62,-0.1390581926625,19530101,20150422,649,50.2988,6.4165,"Schneifelforsthaus","Rheinland-Pfalz","W"
"154",5559,50,-0.141586565741424,19490101,20010630,385,48.7848,8.5764,"Wildbad, Bad-Calmbach","Baden-Württemberg","S"
"155",535,65,-0.146608544300034,19470101,20150422,417,50.0355,7.3048,"Blankenrath","Rheinland-Pfalz","W"
"156",5149,50,-0.148075540620659,19510301,20150422,308,49.5742,10.1916,"Gollhofen","Bayern","S"
"157",1357,66,-0.151264412784285,19480101,20150422,657,49.9807,11.8376,"Fichtelberg/Oberfranken-Hüttstadl","Bayern","S"
"158",3023,64,-0.156842719522849,19510101,20150422,22,52.5181,7.3081,"Lingen","Niedersachsen","N"
"159",2374,77,-0.176287056897198,18910101,19740630,3,54.4752,9.0564,"Husum","Schleswig-Holstein","N"
"160",3879,49,-0.194666196134023,19480101,19970103,409,48.5779,13.4694,"Passau-Oberhaus","Bayern","S"
"161",5029,30,-0.218736885408502,19750601,20150422,386,49.4738,7.0386,"Tholey","Saarland","W"
"162",851,47,-0.220446140000963,19480201,19960430,389,49.2504,12.604,"Pemfling-Pitzling","Bayern","S"
"163",1,48,NA,19370101,19860630,478,47.8413,8.8493,"Aach","Baden-Württemberg","S"
"164",44,43,NA,19710301,20150422,44,52.9335,8.237,"Großenkneten","Niedersachsen","N"
"165",73,54,NA,19590301,20150422,340,48.6159,13.0506,"Aldersbach-Kriestorf","Bayern","S"
"166",78,53,NA,19610101,20150422,65,52.485,7.9119,"Alfhausen","Niedersachsen","N"
"167",91,36,NA,19781101,20150422,300,50.7446,9.345,"Alsfeld-Eifa","Hessen","W"
"168",150,62,NA,19510101,20150422,215,49.7272,8.116,"Alzey","Rheinland-Pfalz","W"
"169",164,40,NA,19470101,20150422,54,53.0316,13.9907,"Angermünde","Brandenburg","O"
"170",183,40,NA,19470101,20150422,42,54.6792,13.4343,"Arkona","Mecklenburg-Vorpommern","O"
"171",186,52,NA,19470101,19980930,218,51.3773,8.0713,"Arnsberg","Nordrhein-Westfalen","W"
"172",198,37,NA,19540101,20150422,164,51.3745,11.292,"Artern","Thüringen","O"
"173",232,68,NA,19470101,20150422,461,48.4254,10.942,"Augsburg","Bayern","S"
"174",243,48,NA,19580901,20061231,4,53.4621,7.467,"Aurich","Niedersachsen","N"
"175",257,65,NA,19490101,20150422,240,48.727,8.2458,"Baden-Baden-Geroldsau","Baden-Württemberg","S"
"176",259,65,NA,19470101,20150422,273,47.8063,7.6384,"Müllheim","Baden-Württemberg","S"
"177",320,68,NA,19470101,20150422,350,49.9667,11.5197,"Heinersreuth-Vollhof","Bayern","S"
"178",327,34,NA,19620901,19961031,27,53.6234,8.8323,"Bederkesa","Niedersachsen","N"
"179",330,77,NA,19370101,20150422,450,49.5617,8.9679,"Beerfelden","Hessen","W"
"180",355,43,NA,19470101,19891031,140,49.6789,8.6276,"Bensheim","Hessen","W"
"181",377,66,NA,19470101,20150422,252,49.107,7.9967,"Bergzabern, Bad","Rheinland-Pfalz","W"
"182",402,86,NA,18760101,19621231,55,52.4564,13.2997,"Berlin-Dahlem (LFAG)","Berlin","O"
"183",403,65,NA,19500101,20150422,51,52.4578,13.3101,"Berlin-Dahlem (FU)","Berlin","O"
"184",430,52,NA,19630101,20150422,36,52.5644,13.3088,"Berlin-Tegel","Berlin","O"
"185",433,61,NA,19480101,20150422,48,52.4675,13.4021,"Berlin-Tempelhof","Berlin","O"
"186",450,67,NA,19450101,20121203,120,49.9186,7.0664,"Bernkastel-Kues","Rheinland-Pfalz","W"
"187",460,52,NA,19510101,20150422,363,49.264,6.6868,"Berus","Saarland","W"
"188",502,39,NA,19670801,20061231,412,49.8747,9.4883,"Bischbrunn","Bayern","S"
"189",554,35,NA,19470101,20060228,23,51.8293,6.5365,"Bocholt-Liedern (Wasserwerk)","Nordrhein-Westfalen","W"
"190",555,31,NA,19400101,20150422,101,51.4789,7.2697,"Bochum","Nordrhein-Westfalen","W"
"191",591,36,NA,19470101,20150422,45,53.3911,10.6878,"Boizenburg","Mecklenburg-Vorpommern","O"
"192",596,42,NA,19470101,20150422,15,54.0028,11.1908,"Boltenhagen","Mecklenburg-Vorpommern","O"
"193",599,36,NA,19321001,19990301,62,50.7055,7.1467,"Bonn-Friesdorf","Nordrhein-Westfalen","W"
"194",614,48,NA,19510101,20071231,240,51.5709,9.312,"Borgentreich-Bühne","Nordrhein-Westfalen","W"
"195",619,59,NA,19470101,20060228,12,53.5788,6.6703,"Borkum-Süderstraße","Niedersachsen","N"
"196",648,43,NA,19630501,20061231,9,53.8551,9.7152,"Brande-Hörnerkirchen","Schleswig-Holstein","N"
"197",662,52,NA,19610101,20150422,81,52.2914,10.4465,"Braunschweig","Niedersachsen","N"
"198",691,83,NA,18900101,20150422,4,53.0445,8.7985,"Bremen","Bremen","N"
"199",701,65,NA,19490101,20150422,7,53.5332,8.5761,"Bremerhaven","Bremen","N"
"200",706,33,NA,19710501,20041231,234,47.8858,7.6611,"Eschbach","Baden-Württemberg","S"
"201",769,36,NA,19790101,20150422,68,52.2817,9.0889,"Bückeburg","Niedersachsen","N"
"202",772,38,NA,19470101,19860430,190,48.6957,8.1744,"Bühlertal","Baden-Württemberg","S"
"203",848,35,NA,19400101,19781231,38,52.6147,10.0727,"Celle (Stadt)","Niedersachsen","N"
"204",880,41,NA,18870101,20150422,69,51.776,14.3168,"Cottbus","Brandenburg","O"
"205",891,69,NA,19460101,20150422,5,53.8713,8.7058,"Cuxhaven","Niedersachsen","N"
"206",919,37,NA,19370203,19740731,169,49.8697,8.6796,"Darmstadt-Botanischer Garten","Hessen","W"
"207",963,62,NA,19520901,20150422,39,52.5881,8.3424,"Diepholz","Niedersachsen","N"
"208",982,59,NA,19470501,20061130,420,48.5701,10.4985,"Dillingen/Donau","Bayern","S"
"209",1032,50,NA,19500101,19990930,120,51.512,7.5345,"Dortmund","Nordrhein-Westfalen","W"
"210",1072,61,NA,19520101,20150422,107,49.4719,8.1929,"Dürkheim, Bad","Rheinland-Pfalz","W"
"211",1078,45,NA,19690701,20150422,37,51.296,6.7686,"Düsseldorf","Nordrhein-Westfalen","W"
"212",1079,51,NA,19350101,19960731,37,51.1998,6.7574,"Düsseldorf-Südfriedhof","Nordrhein-Westfalen","W"
"213",1087,42,NA,19510101,19931231,21,51.4634,6.7321,"Duisburg-Laar","Nordrhein-Westfalen","W"
"214",1107,52,NA,19630101,20150422,346,49.852,10.499,"Ebrach","Bayern","S"
"215",1161,47,NA,19550101,20150422,384,48.8779,11.2347,"Eichstätt-Landershofen","Bayern","S"
"216",1172,39,NA,19510101,19891130,123,51.8189,9.8871,"Einbeck","Niedersachsen","N"
"217",1219,31,NA,19470101,19970630,5,53.3449,7.1909,"Emden-Nesserland","Niedersachsen","N"
"218",1224,39,NA,19751101,20150422,201,48.1378,7.8351,"Emmendingen-Mundingen","Baden-Württemberg","S"
"219",1229,50,NA,19470101,19970331,90,50.3324,7.6975,"Ems, Bad","Rheinland-Pfalz","W"
"220",1254,55,NA,19470701,20021130,210,49.1307,8.9165,"Eppingen","Baden-Württemberg","S"
"221",1266,50,NA,19640501,20150422,18,54.2989,9.3161,"Erfde","Schleswig-Holstein","N"
"222",1279,65,NA,19490101,20150422,268,49.6497,11.0073,"Möhrendorf-Kleinseebach","Bayern","S"
"223",1292,39,NA,19670101,20060430,470,49.7522,11.8222,"Eschenbach/Oberpfalz","Bayern","S"
"224",1297,67,NA,19470901,20150422,170,51.1834,10.0638,"Eschwege","Hessen","W"
"225",1303,73,NA,19350101,20150422,150,51.404,6.9676,"Essen-Bredeney","Nordrhein-Westfalen","W"
"226",1327,75,NA,19370101,20150422,146,50.7119,6.791,"Weilerswist-Lommersum","Nordrhein-Westfalen","W"
"227",1329,64,NA,19360101,20031231,50,54.134,10.5865,"Eutin","Schleswig-Holstein","N"
"228",1332,47,NA,19660701,20150422,472,48.4832,12.724,"Falkenberg,Kr.Rottal-Inn","Bayern","S"
"229",1420,66,NA,19490101,20150422,100,50.026,8.5215,"Frankfurt/Main","Hessen","W"
"230",1425,47,NA,18700101,19611130,109,50.1213,8.6601,"Frankfurt/Main (Feldbergstr.)","Hessen","W"
"231",1443,57,NA,19490501,20150422,236,48.0233,7.8344,"Freiburg","Baden-Württemberg","S"
"232",1447,39,NA,19470101,19850630,255,48.013,7.8588,"Freiburg im Breisgau-Herdern","Baden-Württemberg","S"
"233",1451,43,NA,19701101,20150422,2,53.8278,9.2486,"Freiburg/Elbe","Niedersachsen","N"
"234",1490,34,NA,19470101,19801130,394,47.6452,9.4795,"Friedrichshafen","Baden-Württemberg","S"
"235",1503,61,NA,19470201,20150422,6,53.0643,7.9022,"Friesoythe-Altenoythe","Niedersachsen","N"
"236",1526,59,NA,19490101,20110425,255,50.5335,9.675,"Fulda","Hessen","W"
"237",1544,39,NA,19470101,20150422,47,52.5129,11.3941,"Gardelegen","Sachsen-Anhalt","O"
"238",1580,76,NA,19350101,20150422,110,49.9859,7.9549,"Geisenheim","Hessen","W"
"239",1590,51,NA,19631001,20150422,37,51.4943,6.2463,"Geldern-Walbeck","Nordrhein-Westfalen","W"
"240",1593,33,NA,19350101,19740430,190,50.2027,9.1989,"Gelnhausen","Hessen","W"
"241",1602,41,NA,19700101,20150422,176,48.4329,7.9931,"Ohlsbach","Baden-Württemberg","S"
"242",1619,50,NA,19560101,20051231,90,49.7611,8.4876,"Gernsheim","Hessen","W"
"243",1638,35,NA,19490101,19840430,158,50.591,8.6551,"Gießen (Lahntal)","Hessen","W"
"244",1639,70,NA,19390101,20150422,203,50.6017,8.6439,"Gießen/Wettenberg","Hessen","W"
"245",1667,59,NA,19480101,20061231,1,53.797,9.4295,"Glückstadt","Schleswig-Holstein","N"
"246",1684,40,NA,19470101,20150422,238,51.1622,14.9506,"Görlitz","Sachsen","O"
"247",1691,68,NA,19470101,20150422,167,51.5003,9.9506,"Göttingen","Niedersachsen","N"
"248",1736,54,NA,19510101,20150422,27,53.5732,10.6795,"Grambek","Schleswig-Holstein","N"
"249",1891,60,NA,19380101,20020331,72,51.8875,8.3543,"Gütersloh","Nordrhein-Westfalen","W"
"250",1972,42,NA,19120101,19620930,35,53.4793,10.2415,"Hamburg-Bergedorf","Hamburg","N"
"251",1975,78,NA,18910101,20150422,11,53.6332,9.9881,"Hamburg-Fuhlsbüttel","Hamburg","N"
"252",1979,44,NA,19510101,20061231,2,53.4213,10.1462,"Hamburg-Kirchwerder","Hamburg","N"
"253",1981,52,NA,19620501,20150422,3,53.4777,9.8957,"Hamburg-Neuwiedenthal","Hamburg","N"
"254",1987,43,NA,19560101,20000229,35,53.5468,9.9664,"Hamburg-Sankt Pauli","Hamburg","N"
"255",1990,55,NA,19510101,20061231,18,53.5853,10.1293,"Hamburg-Wandsbek","Hamburg","N"
"256",1993,68,NA,19400101,20071031,68,52.0848,9.3896,"Hameln","Niedersachsen","N"
"257",2005,34,NA,19610101,19941231,108,52.7199,10.5987,"Hankensbüttel","Niedersachsen","N"
"258",2014,76,NA,19360101,20150422,55,52.4644,9.6779,"Hannover","Niedersachsen","N"
"259",2078,66,NA,19370101,20020630,10,54.2181,9.0853,"Weddingstedt","Schleswig-Holstein","N"
"260",2080,74,NA,19350101,20120911,110,49.4206,8.6676,"Heidelberg","Baden-Württemberg","S"
"261",2095,56,NA,19470701,20031031,167,49.1448,9.2333,"Heilbronn","Baden-Württemberg","S"
"262",2110,52,NA,19630101,20150422,57,51.0412,6.1041,"Heinsberg-Schleiden","Nordrhein-Westfalen","W"
"263",2115,62,NA,19520501,20150422,4,54.175,7.892,"Helgoland","Schleswig-Holstein","N"
"264",2122,51,NA,19510401,20020531,2,53.9701,9.0095,"Helse, Kr. Dithmarschen","Schleswig-Holstein","N"
"265",2147,70,NA,19360101,20071231,77,52.1264,8.6865,"Herford","Nordrhein-Westfalen","W"
"266",2167,51,NA,19480101,20120401,302,49.7672,7.3356,"Niederwörresbach","Rheinland-Pfalz","W"
"267",2171,64,NA,19490101,20150422,272,50.8519,9.7378,"Hersfeld, Bad","Hessen","W"
"268",2173,32,NA,19760101,20071231,60,51.589,7.1548,"Herten","Nordrhein-Westfalen","W"
"269",2206,54,NA,19530301,20080229,117,52.1408,9.8838,"Hildesheim","Niedersachsen","N"
"270",2268,57,NA,19490101,20061231,263,50.1352,10.5156,"Hofheim","Bayern","S"
"271",2303,33,NA,19811001,20150422,10,54.3146,9.539,"Hohn","Schleswig-Holstein","N"
"272",2306,37,NA,19771101,20150422,8,54.3195,10.6733,"Hohwacht","Schleswig-Holstein","N"
"273",2323,49,NA,19510101,20150422,110,51.8539,9.4964,"Bevern, Kr. Holzminden","Niedersachsen","N"
"274",2327,49,NA,19510101,20000630,250,50.7316,9.0032,"Homberg/Ohm","Hessen","W"
"275",2331,33,NA,19700101,20021231,235,49.3283,7.3561,"Homburg/Saar","Saarland","W"
"276",2360,42,NA,19360101,19780430,438,48.6018,11.6769,"Hüll","Bayern","S"
"277",2422,39,NA,19380101,19780630,230,51.3768,7.7644,"Iserlohn-Westig","Nordrhein-Westfalen","W"
"278",2444,112,NA,18240101,20150422,155,50.9251,11.583,"Jena (Sternwarte)","Thüringen","O"
"279",2456,65,NA,19400101,20050826,7,53.5322,7.8806,"Jever","Niedersachsen","N"
"280",2464,40,NA,19510101,19901031,1,53.5316,9.6752,"Jork","Niedersachsen","N"
"281",2480,68,NA,19470101,20150422,107,50.0644,8.9932,"Kahl/Main","Bayern","S"
"282",2486,58,NA,19010101,20150422,285,49.4242,7.736,"Kaiserslautern","Rheinland-Pfalz","W"
"283",2521,44,NA,19500101,19940331,374,48.6765,11.2961,"Karlshuld","Bayern","S"
"284",2522,72,NA,18760101,20081031,112,49.0382,8.3641,"Karlsruhe","Baden-Württemberg","S"
"285",2533,31,NA,19460701,19770630,198,51.334,9.4506,"Kassel-Harleshausen","Hessen","W"
"286",2565,47,NA,19400101,19880930,17,54.3378,10.0929,"Kiel-Kronshagen","Schleswig-Holstein","N"
"287",2597,69,NA,19460101,20150422,282,50.2241,10.0792,"Kissingen, Bad","Bayern","S"
"288",2600,31,NA,19821101,20150422,188,49.7361,10.1782,"Kitzingen","Bayern","S"
"289",2629,66,NA,19471111,20150422,46,51.7612,6.0954,"Kleve","Nordrhein-Westfalen","W"
"290",2657,57,NA,19510101,20080131,85,50.3369,7.5992,"Koblenz-Horchheim","Rheinland-Pfalz","W"
"291",2680,64,NA,19510101,20150422,288,50.2841,10.4456,"Königshofen, Bad","Bayern","S"
"292",2700,66,NA,19490101,20150422,417,48.8301,11.4872,"Kösching","Bayern","S"
"293",2712,42,NA,19721101,20150422,443,47.6774,9.1901,"Konstanz","Baden-Württemberg","S"
"294",2775,35,NA,19460101,19800630,225,49.2795,9.6925,"Künzelsau","Baden-Württemberg","S"
"295",2812,54,NA,19500101,20150422,155,48.3647,7.828,"Lahr","Baden-Württemberg","S"
"296",2831,36,NA,19470111,20080331,393,48.5357,12.1132,"Landshut","Bayern","S"
"297",2861,36,NA,19510101,19860630,5,53.7445,7.4775,"Langeoog","Niedersachsen","N"
"298",2879,36,NA,19490101,19851231,199,49.5781,9.7142,"Lauda-Königshofen-Gerlachsheim","Baden-Württemberg","S"
"299",2907,30,NA,19741101,20150422,7,54.7903,8.9514,"Leck","Schleswig-Holstein","N"
"300",2928,38,NA,19510101,20150422,138,51.3151,12.4462,"Leipzig-Holzhausen","Sachsen","O"
"301",2950,44,NA,19620401,20061231,14,54.219,10.8844,"Lensahn","Schleswig-Holstein","N"
"302",2968,65,NA,19450101,20150422,43,50.9895,6.9779,"Köln-Stammheim","Nordrhein-Westfalen","W"
"303",3004,44,NA,19490101,19990630,185,50.4116,8.0605,"Limburg/Lahn-Offheim","Hessen","W"
"304",3018,32,NA,19730401,20051231,445,49.7117,8.7804,"Lindenfels-Winterkasten","Hessen","W"
"305",3028,63,NA,19510101,20150422,157,51.7855,8.8388,"Lippspringe, Bad","Nordrhein-Westfalen","W"
"306",3031,33,NA,19801201,20150422,92,51.6334,8.3943,"Lippstadt-Bökenförde","Nordrhein-Westfalen","W"
"307",3032,74,NA,19370101,20150422,26,55.011,8.4125,"List auf Sylt","Schleswig-Holstein","N"
"308",3044,54,NA,19460101,20150422,22,52.7216,7.7463,"Löningen","Niedersachsen","N"
"309",3056,59,NA,19470101,20051031,161,50.0103,9.61,"Lohr/Main-Steinbach","Bayern","S"
"310",3062,39,NA,19510101,19890531,100,50.0352,7.8197,"Lorch/Rhein","Hessen","W"
"311",3085,34,NA,19500301,19850228,15,53.8773,10.6915,"Lübeck","Schleswig-Holstein","N"
"312",3088,45,NA,18900101,19730630,5,53.8953,10.704,"Lübeck-Werft","Schleswig-Holstein","N"
"313",3093,52,NA,19541201,20150422,17,52.9724,11.1374,"Lüchow","Niedersachsen","N"
"314",3101,42,NA,19500101,19950930,58,51.7694,7.4128,"Lüdinghausen","Nordrhein-Westfalen","W"
"315",3103,50,NA,19470501,19971231,11,53.2657,10.424,"Lüneburg","Niedersachsen","N"
"316",3126,44,NA,19470101,20150422,76,52.1029,11.5827,"Magdeburg","Sachsen-Anhalt","O"
"317",3137,61,NA,19480101,20150422,195,49.9672,8.2108,"Mainz-Lerchenberg (ZDF)","Rheinland-Pfalz","W"
"318",3147,48,NA,19530101,20150422,418,48.7726,12.2177,"Mallersdorf-Pfaffenberg/Niederbayern","Bayern","S"
"319",3155,51,NA,19611101,20150422,413,50.1015,6.8009,"Manderscheid-Sonnenhof","Rheinland-Pfalz","W"
"320",3164,60,NA,19460101,20150422,182,50.8492,8.7746,"Cölbe, Kr. Marburg-Biedenkopf","Hessen","W"
"321",3196,37,NA,19470101,20150422,81,53.3223,11.9319,"Marnitz","Mecklenburg-Vorpommern","O"
"322",3212,41,NA,19610101,20021231,230,50.3249,7.23,"Mayen","Rheinland-Pfalz","W"
"323",3223,31,NA,19470101,19770930,460,47.6985,9.2753,"Meersburg","Baden-Württemberg","S"
"324",3257,68,NA,19470101,20150422,250,49.4773,9.7623,"Mergentheim, Bad-Neunkirchen","Baden-Württemberg","S"
"325",3271,74,NA,19410101,20150422,313,48.8548,12.9187,"Metten","Bayern","S"
"326",3376,38,NA,19490101,20150422,63,52.5176,14.1232,"Müncheberg","Brandenburg","O"
"327",3379,30,NA,19540601,20150422,515,48.1631,11.5429,"München-Stadt","Bayern","S"
"328",3404,54,NA,18910101,19911231,62,51.9494,7.5906,"Münster","Nordrhein-Westfalen","W"
"329",3425,53,NA,19510101,20040531,344,48.9729,9.5708,"Murrhardt","Baden-Württemberg","S"
"330",3432,46,NA,19490101,19950331,380,48.5665,8.7184,"Nagold","Baden-Württemberg","S"
"331",3442,62,NA,19470101,20150422,149,50.3574,8.7506,"Nauheim, Bad","Hessen","W"
"332",3486,56,NA,19490101,20041231,212,49.2931,9.2722,"Neudenau","Baden-Württemberg","S"
"333",3490,67,NA,19480101,20150422,111,50.5346,7.0853,"Neuenahr, Bad-Ahrweiler","Rheinland-Pfalz","W"
"334",3545,41,NA,19700101,20150422,236,49.3436,7.2295,"Neunkirchen-Wellesweiler","Saarland","W"
"335",3565,55,NA,19470101,20020131,315,49.5728,10.6001,"Neustadt/Aisch","Bayern","S"
"336",3575,32,NA,19510101,19821231,163,49.357,8.1405,"Neustadt/Weinstraße","Rheinland-Pfalz","W"
"337",3590,45,NA,19610101,20050930,180,50.2335,8.8923,"Nidderau-Windecken","Hessen","W"
"338",3595,37,NA,19660501,20030630,250,50.4107,7.808,"Niederelbert","Rheinland-Pfalz","W"
"339",3605,30,NA,19510101,19801031,451,48.5334,10.243,"Niederstotzingen","Baden-Württemberg","S"
"340",3612,67,NA,19470101,20150422,25,52.6711,9.2229,"Nienburg","Niedersachsen","N"
"341",3631,68,NA,19470101,20150422,11,53.7123,7.1519,"Norderney","Niedersachsen","N"
"342",3640,67,NA,19360101,20061231,24,52.4124,7.064,"Nordhorn-Blanke","Niedersachsen","N"
"343",3666,37,NA,19360101,19741231,335,49.5008,11.107,"Nürnberg-Buchenbuehl","Bayern","S"
"344",3667,39,NA,19750101,20150422,368,49.4258,11.2538,"Nürnberg-Netzstall","Bayern","S"
"345",3668,59,NA,19550401,20150422,314,49.5031,11.0549,"Nürnberg","Bayern","S"
"346",3671,36,NA,19550101,19910331,280,48.6321,9.3261,"Nürtingen","Baden-Württemberg","S"
"347",3761,68,NA,19470101,20150422,276,49.207,9.5175,"Öhringen","Baden-Württemberg","S"
"348",3776,36,NA,19571101,19951031,110,50.0946,8.7546,"Offenbach/M. (Stadt)","Hessen","W"
"349",3777,38,NA,19580101,20031231,153,48.4593,7.9255,"Offenburg","Baden-Württemberg","S"
"350",3790,43,NA,19470101,19890930,5,53.1018,8.2516,"Oldenburg (A)","Niedersachsen","N"
"351",3815,49,NA,19520201,20101130,95,52.2553,8.0534,"Osnabrück","Niedersachsen","N"
"352",3904,38,NA,19650101,20150422,152,49.5356,6.3804,"Perl-Nennig","Saarland","W"
"353",3924,67,NA,19370101,20050831,246,48.9059,8.7412,"Pforzheim-Eutingen","Baden-Württemberg","S"
"354",3929,36,NA,19480101,19850930,100,49.2511,8.4415,"Philippsburg","Baden-Württemberg","S"
"355",3939,64,NA,19500101,20150422,385,49.1911,7.5875,"Pirmasens","Rheinland-Pfalz","W"
"356",3955,47,NA,19500101,19970131,24,54.159,10.402,"Plön (See)","Schleswig-Holstein","N"
"357",3987,98,NA,18930101,20150422,81,52.3813,13.0622,"Potsdam","Brandenburg","O"
"358",4038,31,NA,19470101,19770630,27,53.7276,9.9071,"Quickborn (Kurzer Kamp)","Schleswig-Holstein","N"
"359",4053,41,NA,19530101,19961231,407,47.7458,9.0007,"Radolfzell-Markelfingen","Baden-Württemberg","S"
"360",4063,64,NA,19510101,20150422,41,52.4461,8.5906,"Rahden-Kleinendorf","Nordrhein-Westfalen","W"
"361",4169,57,NA,19580101,20150422,131,48.6703,7.9939,"Rheinau-Memprechtshofen","Baden-Württemberg","S"
"362",4175,61,NA,19530901,20141231,287,47.5627,7.7936,"Rheinfelden","Baden-Württemberg","S"
"363",4177,44,NA,19480101,20150422,116,48.9726,8.3302,"Rheinstetten","Baden-Württemberg","S"
"364",4261,65,NA,19500101,20150422,444,47.8752,12.1279,"Rosenheim","Bayern","S"
"365",4271,40,NA,19470101,20150422,4,54.1802,12.0805,"Rostock-Warnemünde","Mecklenburg-Vorpommern","O"
"366",4275,60,NA,19460101,20150422,32,53.1288,9.3395,"Rotenburg (Wümme)","Niedersachsen","N"
"367",4278,57,NA,19510101,20081231,340,49.2511,11.0934,"Roth bei Nürnberg","Bayern","S"
"368",4301,67,NA,19470101,20150422,102,49.8502,7.871,"Kreuznach, Bad","Rheinland-Pfalz","W"
"369",4336,64,NA,19510101,20150422,320,49.2128,7.1077,"Saarbrücken-Ensheim","Saarland","W"
"370",4339,53,NA,19480101,20010331,193,49.2231,7.0168,"Saarbrücken-Sankt Johann","Saarland","W"
"371",4364,35,NA,19650101,19991231,138,52.0355,10.3054,"Salzgitter-Ringelheim","Niedersachsen","N"
"372",4371,72,NA,19350101,20150422,135,52.1042,8.7521,"Salzuflen, Bad","Nordrhein-Westfalen","W"
"373",4393,64,NA,19510101,20150422,5,54.3279,8.603,"Sankt Peter-Ording","Schleswig-Holstein","N"
"374",4401,31,NA,19500101,19800630,81,51.6334,8.1872,"Sassendorf, Bad-Ostinghausen","Nordrhein-Westfalen","W"
"375",4411,34,NA,19791201,20150422,155,49.9195,8.9671,"Schaafheim-Schlierbach","Hessen","W"
"376",4419,58,NA,19470101,20041231,212,47.9558,7.7134,"Schallstadt-Mengen","Baden-Württemberg","S"
"377",4466,68,NA,19470101,20150422,43,54.5275,9.5486,"Schleswig","Schleswig-Holstein","N"
"378",4479,32,NA,19540101,19850930,375,50.3849,9.5358,"Schlüchtern-Kloster Gomfritz","Hessen","W"
"379",4490,37,NA,19660101,20021231,223,49.422,6.8396,"Schmelz-Hüttersdorf","Saarland","W"
"380",4560,65,NA,19490101,20150422,265,50.4927,9.1228,"Schotten","Hessen","W"
"381",4621,45,NA,19580501,20031231,240,50.0575,10.216,"Schweinfurt-Gartenstadt","Bayern","S"
"382",4625,80,NA,18900101,20150422,59,53.6425,11.3872,"Schwerin","Mecklenburg-Vorpommern","O"
"383",4692,67,NA,19370101,20150422,229,50.8534,7.9966,"Siegen (Kläranlage)","Nordrhein-Westfalen","W"
"384",4706,34,NA,19810101,20150422,360,48.2719,13.0273,"Simbach/Inn","Bayern","S"
"385",4745,59,NA,19470721,20150422,76,52.9604,9.7931,"Soltau","Niedersachsen","N"
"386",4763,49,NA,19610101,20150422,265,51.0607,9.9266,"Sontra","Hessen","W"
"387",4765,30,NA,19510101,19801231,199,51.2801,9.9849,"Sooden-Allendorf, Bad","Hessen","W"
"388",4896,38,NA,19741201,20150422,40,54.665,9.8035,"Wagersrott","Schleswig-Holstein","N"
"389",4911,44,NA,19510101,20150422,350,48.8275,12.5598,"Straubing","Bayern","S"
"390",4926,39,NA,19460101,20130513,224,48.7896,9.2167,"Stuttgart (Neckartal)","Baden-Württemberg","S"
"391",4927,34,NA,19510101,19840731,286,48.7693,9.1814,"Stuttgart-Stadt","Baden-Württemberg","S"
"392",4928,46,NA,19580101,20150422,314,48.8282,9.2,"Stuttgart (Schnarrenberg)","Baden-Württemberg","S"
"393",4931,62,NA,19530101,20150422,371,48.6883,9.2235,"Stuttgart-Echterdingen","Baden-Württemberg","S"
"394",5009,37,NA,19470101,20150422,38,53.761,12.5574,"Teterow","Mecklenburg-Vorpommern","O"
"395",5014,62,NA,19520101,20150422,7,53.2758,8.9857,"Worpswede-Hüttenbusch","Niedersachsen","N"
"396",5064,61,NA,19540101,20150422,37,51.2898,6.4443,"Tönisvorst","Nordrhein-Westfalen","W"
"397",5078,61,NA,19400101,20010930,2,53.9619,10.8892,"Travemünde","Schleswig-Holstein","N"
"398",5099,61,NA,19070501,20150422,132,49.7326,6.6131,"Trier-Zewen","Rheinland-Pfalz","W"
"399",5100,67,NA,19480101,20150422,265,49.7479,6.6582,"Trier-Petrisberg","Rheinland-Pfalz","W"
"400",5138,47,NA,19460101,20031231,446,47.7713,9.1562,"Überlingen/Bodensee","Baden-Württemberg","S"
"401",5142,31,NA,19470101,20150422,1,53.7444,14.0697,"Ueckermünde","Mecklenburg-Vorpommern","O"
"402",5146,56,NA,19510101,20150422,50,52.9413,10.5287,"Uelzen","Niedersachsen","N"
"403",5165,58,NA,19480201,20061231,95,52.8499,10.2898,"Unterlüß","Niedersachsen","N"
"404",5185,35,NA,19711101,20061231,291,49.5933,11.0704,"Uttenreuth","Bayern","S"
"405",5250,64,NA,19360101,20031231,223,48.0908,7.6353,"Vogtsburg-Oberrotweil","Baden-Württemberg","S"
"406",5279,58,NA,19510101,20150422,176,51.6184,9.5761,"Wahlsburg-Lippoldsberg","Hessen","W"
"407",5280,33,NA,19810401,20150422,35,53.9223,10.2268,"Wittenborn","Schleswig-Holstein","N"
"408",5320,39,NA,19530101,19910630,330,47.6172,8.2388,"Waldshut","Baden-Württemberg","S"
"409",5344,65,NA,19410301,20061231,3,53.787,7.9066,"Wangerooge","Niedersachsen","N"
"410",5369,44,NA,19490101,19931231,443,48.0572,12.2202,"Wasserburg","Bayern","S"
"411",5429,32,NA,19530101,19840630,219,49.1512,9.292,"Weinsberg","Baden-Württemberg","S"
"412",5434,42,NA,19510101,19920531,317,50.0858,11.2364,"Weismain","Bayern","S"
"413",5488,36,NA,19490101,19860331,216,49.9622,10.0482,"Mühlhausen, Kr. Schweinfurt","Bayern","S"
"414",5498,57,NA,19470710,20041130,140,49.7667,9.5428,"Wertheim-Eichel","Baden-Württemberg","S"
"415",5516,58,NA,19480101,20150422,3,54.5284,11.0605,"Fehmarn","Schleswig-Holstein","N"
"416",5575,46,NA,19530101,19980630,1,53.5901,8.106,"Wilhelmshaven","Niedersachsen","N"
"417",5629,35,NA,19470101,20150422,105,51.8892,12.6445,"Wittenberg","Sachsen-Anhalt","O"
"418",5644,52,NA,19480101,19990831,133,51.3493,9.8438,"Witzenhausen","Hessen","W"
"419",5676,33,NA,19810401,20150422,82,52.3961,10.6898,"Wolfsburg (Südwest)","Niedersachsen","N"
"420",5692,66,NA,19360101,20150422,88,49.6051,8.3659,"Worms","Rheinland-Pfalz","W"
"421",5703,34,NA,19510101,19860131,170,49.7964,9.8949,"Würzburg (Klärwerk)","Bayern","S"
"422",5705,68,NA,19470101,20150422,268,49.7703,9.9577,"Würzburg","Bayern","S"
"423",5717,73,NA,19370101,20150422,130,51.2248,7.1053,"Wuppertal-Buchenhofen","Nordrhein-Westfalen","W"
"424",5745,39,NA,19480701,20150422,51,52.9664,13.3268,"Zehdenick","Brandenburg","O"
"425",5906,71,NA,19360101,20150422,96,49.509,8.5541,"Mannheim","Baden-Württemberg","S"
"426",5912,52,NA,19500101,20031231,254,51.1318,9.5189,"Melsungen-Bürstoß","Hessen","W"
"427",5920,47,NA,19500101,19970731,91,50.4485,7.4275,"Neuwied","Rheinland-Pfalz","W"
"428",6159,55,NA,19590301,20150422,8,52.9542,7.3196,"Dörpen","Niedersachsen","N"
